a_title,b_digest,c_link,d_ts
中国广电披露5G进度：采用极简网络架构 已启动第一阶段建设,昨日，2019通信产业大会暨第十四届通信技术年会在北京举办。中国广电网络有限公司（以下简称中国广电）技术发展研究处副处长李爽发表《中国广电5G启新元 创未来》主题演讲，他表示，中国广电5G将充分发挥5G基础优势，包括700M的优质频谱资源，赋能全国有线电视网络的转型升级，建成媒体属性鲜明的新型融合媒,http://www.c114.com.cn/swrh/1991/a1112159.html,2019/12/20 10:22
华为如何面对5G？既要有站在今天看明天的视野，更要有站在后天看明天的格局,在“2019通信产业大会暨第十四届通信技术年会”上，华为中国区战略Marketing部副部长苏小堤表示：面对5G发展，我们既要有站在今天看明天的视野，更要有站在后天看明天的格局。,http://www.c114.com.cn/news/126/a1112160.html,2019/12/20 10:24
中国电信联手打造中国首家5G+五星购物中心亮相深圳,12月19日，广东深圳南山，中国电信携手中国房地产业协会、中国信通院、华为、益田集团共同召开中国首家5G+五星购物中心暨行业白皮书启动会。数百名商业地产企业、电信运营商、智能终端厂商、零售商户、科技服务提供商领导及专家莅临现场，共商5G新技术、新场景与商业融合发展之道。中国首家5G+五星购物中心暨行,http://www.c114.com.cn/news/117/a1112166.html,2019/12/20 10:57
广电5G真的迎来国家电网相持？电网5G方案疑似曝光,（2）自有物业杆塔：在电力输电杆塔上安装铁塔抱杆，以加挂基站天线、安装室外设备。（3）租用铁塔公司等第三方杆塔与站所：在第三方通信杆塔上安装抱杆，以加挂基站天线、安装室外设备。,http://www.c114.com.cn/news/16/a1112169.html,2019/12/20 11:00
渗透测试智能化，助力5G安全,随着云计算、大数据、5G等技术的发展，全球电信网朝着用户个性化需求不断增强，业务类型不断拓展的方向迈进。用户需求和监管要求，都给网络安全带来了越发严峻的挑战。打造安全的移动网络，就必须确保软件版本安全。正式软件版本发布前的安全检测，特别是基于攻防模式演练的渗透测试，是产品正式部署前一道必不可少的保护,http://www.c114.com.cn/tech/164/a1112207.html,2019/12/20 14:13
“云+AI+5G”时代，回顾华为云互联网的2019,在2019年还剩余十几天的时候，我们不妨把时针拨回2019年6月6日，工信部正式发放5G商用牌照。此后，中国5G商用就按下了快进键。三大运营商5G基站建设加快，10月31日工信部启动5G商用，这意味着5G将全面融入到我们的生活当中。华为云在2019年的发展也进入了快车道。IDC发布的《中国公有云服务,http://www.c114.com.cn/news/126/a1112208.html,2019/12/20 14:17
刚刚消息！5G超级SIM卡“核爆级产品”即将正式上市,自5G正式商用以来，无论是运营商、设备商还是技术服务商都不甘落后，纷纷加快5G相关部署。近日，有消息传出紫光国微的一款应5G而生的核爆级产品将于不久上市。有业内人士猜测这个新时代的核爆级产品可能是此前发布的5G超级SIM卡。不久前，联通和紫光国微双双公布出的一张海报证实了该消息的真实性，从倒计时海报,http://www.c114.com.cn/news/51/a1112215.html,2019/12/20 14:40
华为云2019：把“云+AI+5G”融合创新推向互联网，让梦想照进现实,2019年，中国正式步入5G商用时代。5G带来的影响将十分深远，不仅将改变我们每个人的生活，更将让各行各业数字化转型踏上快车道。超乎想象!此前，华为公司副总裁、华为云业务总裁郑叶来曾用这四个字来形容5G将带来的行业变化。他认为，5G的大带宽、低时延、网络切片将会在消费端和行业端都掀起超乎想象的变革。,http://www.c114.com.cn/news/126/a1112210.html,2019/12/20 14:21
5G时代，运营商如何发力视频业务，把握下一个新风口？,2019年10月31日，三大运营商颁布了5G套餐，意味着5G正式规模试商用，各类新兴应用场景将逐步进入人们的视野，有人说，AR/VR/高清视频将成为5G发展初期的第一波应用，视频业务发展将迎来一个新的爆发点。视频业务的第一个爆发点，是在高速互联网普及的4G时代，新兴流媒体视频企业凭借其点播＋直播的信,http://www.c114.com.cn/wireless/2935/a1112216.html,2019/12/20 14:47
IoT-Smart Future 2019首日精彩，万人围观！见证物联网和5G技术落地！,深圳国际物联网与智慧未来展携手深圳国际未来汽车及技术展、ELEXCON2019深圳国际电子展暨第八届深圳国际嵌入式系统展及世界知名品牌IoT World和5G全球大会（5G China）于12月19日盛大开幕！！展会覆盖5G技术及应用方案、人工智能与IoT、嵌入式系统与技术、传感器与网络传输、智能驾,http://www.c114.com.cn/m2m/2488/a1112218.html,2019/12/20 15:03
首条5G全覆盖高铁路段、苏北四市5G高铁站齐亮相,江苏迎来高铁上的5G时代本周，伴随徐宿淮盐铁路、连淮铁路的正式开通运营，苏北高铁沿线移动5G网络建设也同步推进。目前，徐州东站、宿迁站、淮安东站、盐城站四个火车站均已完成移动5G网络覆盖。宁启铁路二期南通至通州段完成移动5G网络的建设开通，成为省内首条实现5G网络全覆盖的高铁路段，江苏迎来高铁上的5,http://www.c114.com.cn/news/94/a1112170.html,2019/12/20 11:05
云聚创新力量 领航数字未来 峯云5G·联通沃云峰会2019成功举行,12月20日，联通沃云峰会（WCS）2019在北京国际会议中心举行。本次峰会以峯云5G为主题，探讨5G时代大背景下，云计算技术如何作为强大基座助力企业屹立峰顶翱翔云端。中国联合网络通信集团有限公司副总经理、党组成员梁宝俊为峰会做开幕致辞，中国工程院院士倪光南做嘉宾致辞。清华大学互联网产业研究院院长朱,http://www.c114.com.cn/news/119/a1112221.html,2019/12/20 15:33
中国联通牵手华为VR Glass 持续发力布局5G+VR市场,近日，中国联通与华为公司在VR领域达成合作，在华为最新VR头显产品VR Glass全面上市之际，双方将在VR技术、平台方案、网络方案、应用场景、市场营销等多方面进行深度联合。这是继联通与华为联合撰写发布《VR直播白皮书》后的又一次VR合作创新实践。消费者到联通营业厅即可体验、购买这款华为VR Gla,http://www.c114.com.cn/news/119/a1112222.html,2019/12/20 15:52
5G时代，历史文化名城泸州如何抓住“云+AI+5G”新机遇？,目前，5G、AI和云计算等新兴技术已经愈发成熟并走向商用，给各行各业带来全新的价值。基于云计算资源使用人工智能，能让企业成本极大减少，5G的高速度和低时延则让云计算的普惠性大幅提升。当云+AI+5G互相成就的技术融合效应注入旅游业，文化旅游产业因此焕发出智慧的生机。作为中国历史文化名城，泸州每年都吸,http://www.c114.com.cn/news/126/a1112229.html,2019/12/20 16:13
数字未来 5G智联|联通5G赋予工业互联网无限可能,工业互联网正成为推动数字经济发展、驱动产业数字化转型的关键支撑和重要基石。,http://www.c114.com.cn/news/119/a1112234.html,2019/12/20 16:26
中国广电披露5G进度：已启动第一阶段建设,在2019通信产业大会暨第十四届通信技术年会上，中国广电网络有限公司技术发展研究处副处长李爽发表《中国广电5G启新元 创未来》的主题演讲，从总体定位、目标业务、网络架构、频谱使用、组网方式等方面阐述了中国广电5G建设计划与进程。,http://www.c114.com.cn/video/760/a1112244.html,2019/12/20 16:48
5G芯片正在上演田忌赛马，2020赢家是谁？,伴随5G时代的到来，2019年下半年各大手机芯片厂商陆续发布自家5G芯片。而国内消费者所熟知的主要有高通5G的骁龙865/骁龙765G、MediaTek的天玑1000/天玑1000L、华为的麒麟990 5G以及三星的Exynos 980。近日，网上就放出了2019年市场主流5G芯片的市场分析图，下面,http://www.c114.com.cn/news/51/a1112246.html,2019/12/20 16:53
5G技术创新和计算产业发展正当时！华为联接+计算拓宽赛道,为中国区副总裁、中国战略Marketing部长曹泽军说道：“华为在ICT连续30多年一直踏踏实实搞基础研发，专心做好产品、服务客户。从基础的算法、算力、材料、芯片，到美学、工艺设计等方方面面的能力都经历了漫长的锤炼和积累，在5G时代有了全面领先，计算有了‘芯’的突破。”,http://www.c114.com.cn/news/126/a1112250.html,2019/12/20 17:37
腾讯云IoT Explorer全新升级，5G与LoRa宽窄带融合物联网开发时代正式开启,12月20日，在腾讯云IoT生态峰会上，腾讯云正式宣布，针对物联网开发平台IoT Explorer，在原来已有能力的基础上，新增一站式LoRa开发工具和5G开发套件，全面完善自身的物联网开发平台能力，助力千万开发者快速基于现有平台，快速构建在宽窄带融合开发模式下的物联网新应用。5G与LoRa等技术已,http://www.c114.com.cn/m2m/2488/a1112258.html,2019/12/20 19:46
长飞副总裁闫长鹍：5G时代应加速全光网覆盖,日前，在“2019通信产业大会”上，长飞光纤光缆股份有限公司副总裁闫长鹍发表了“全光网络构筑 5G 时代智慧联接”的主题演讲。,http://www.c114.com.cn/ftth/5472/a1112156.html,2019/12/20 10:09
一机难求，5G折叠屏手机或许只属于那0.1%的幸运儿,与你相遇好幸运，可我已失去为你泪流满面的权利谁能想到一句三年前的流行歌，今天竟然能用到一款手机上。由中国电信专属定制，与三星合力推出的心系天下三星W20 5G在双十二进行了第一轮销售，定价19999元并附赠一对三星Galaxy Buds耳机，开售数秒后即宣布售罄。而现在，这部手机在二手平台上已经炒到,http://www.c114.com.cn/news/51/a1112039.html,2019/12/19 14:46
云游戏将成5G时代新游戏形态，华为云全面赋能游戏产业,从科技发展史来看，每一轮的通信技术升级，都会带来内容形态的革命性变革，驱动市场机会。今年11月起，5G在国内启动商用。无论是产业方，还是资本市场，都在积极探索5G落地后带来的新内容形态机遇，而云游戏是被最看好的5G应用方向之一。数据显示，截至2019年9月，全球范围内入局云游戏的公司共计152家。第,http://www.c114.com.cn/news/126/a1112069.html,2019/12/19 16:13
上海电信5G网络助力进博会,为了实现进博会场馆的5G全覆盖，上海电信在馆内设置了近千个室内基站和宏基站。覆盖面积达到了80多万平方米。此外还从全国调集了12万辆应急通信车，在大客流时能够及时分流。同时根据每个场馆的不同结构和内部装饰，采用一场馆一方案，力争提供最大容量和最优信号。,http://www.c114.com.cn/topic/5651/a1112074.html,2019/12/19 16:25
中国电信“Hello 5G，玩转天翼云VR”活动在沪举办 ,12月19日，Hello 5G，玩转天翼云VR活动在中国电信上海公司（以下简称上海电信）张杨路营业厅举办，HUAWEI VR Glass炫酷亮相，众多花粉涌入营业厅第一时间上手体验。上海电信宣布即日起在张杨路、漕溪北路、江苏路等15家电信营业厅同步接受预订，只要成为中国电信5G会员，即可享受包含云V,http://www.c114.com.cn/news/117/a1112036.html,2019/12/19 14:33
深圳15000个5G基站建设任务提前完成 创造新“深圳速度”,随着第15000个5G基站的顺利开通，深圳提出的1.5万个5G基站的建设任务提前完成，创造了一个新的“深圳速度”。,http://www.c114.com.cn/news/84/a1112090.html,2019/12/19 16:48
移动5G为智慧气象发展注入新动力——无锡移动与气象行业单位签订战略协议,现代气象的预报是通过对大量的数据监测、计算而得出，数据越丰富，计算速度越快，预报结果就会更加精细。近年来，随着气象监测系统不断更新，监测内容逐渐完善，对数据监测的实时性、精准性要求越来越高，而线下的网络系统已不能满足于时下要求，气象行业5G化迫在眉睫。近日，江苏省无锡市移动与无锡市气象局（以下简称市,http://www.c114.com.cn/news/94/a1112099.html,2019/12/19 17:11
全球最大的移动网络将NVIDIA EGX应用于5G，移动边缘计算,中国移动采用NVIDIA GPU服务器，通过5G，在边缘提供AI。中国苏州--GTC China-- 2019年12月19日- -当自然灾害袭来时，救援人员需要与时间赛跑，以便部署关键性资源，挽救生命。今年4月初，在强风的助势下，一场森林大火在四川省凉山州木里县肆虐。数架搭载了专业摄像和红外探测设备,http://www.c114.com.cn/news/211/a1112104.html,2019/12/19 17:26
产业互联网时代，“云+5G”如何抵御数据安全风险？,在互联网高度普及的今天，互联网已经逐渐成为通用技术。如果说，4G推动了消费互联网的发展，那么5G就是产业互联网发展的沃土。大带宽、低时延和高可靠的网络特性，都使5G成为产业互联网网络体系建设的重要支撑。与此同时，5G时代的数据安全问题也引起各界关注。中国工程院院士邬贺铨曾表示，产业互联网的发展模糊了,http://www.c114.com.cn/security/4355/a1112076.html,2019/12/19 16:32
中兴通讯积极投入5G标准推进，支持2.1G 50MHz带宽项目成功立项,近日， 3GPP RAN第86次全会在西班牙的锡切斯（Sitges）成功召开。在本次会议上，由中国联通等运营商牵头、中兴通讯等设备商参与协助的在2.1G频谱上增加50MHz带宽的项目成功立项，相关工作预计在2020年3月份完成。该工作的完成，意味着FDD频段的2.1G频谱在50MHz带宽的5G应用在,http://www.c114.com.cn/news/127/a1112107.html,2019/12/19 19:30
广东联通在全国率先开通5G SA商用物联网,在集团公司大力支持及现场指导下，2019年12月19日，广东联通联合华为开通了全国首个5G SA的商用物联网，为后续广东联通5G物联网大规模商用迈出了坚实的一步。5G引入了确定性体验保障的能力，通过大带宽和低时延，使得无人机巡航、远程医疗、自动驾驶、工业智造等物联网业务成为可能，给垂直行业带来数字化,http://www.c114.com.cn/news/84/a1112111.html,2019/12/19 21:40
首个商用5G+五星购物中心发布，华为携行业伙伴制定行业白皮书,今日，由中国房地产业协会商业文化旅游地产委员会（以下简称中房协）携手中国电信、华为、中国信通院、5G应用产业方阵（5G AIA）共同举办的中国首个商用5G+五星购物中心暨行业白皮书启动会亮相深圳益田假日广场购物中心。中房协与中国电信为深圳益田假日广场购物中心授予中国首家商用5G+五星购物中心称号。活,http://www.c114.com.cn/news/126/a1112112.html,2019/12/19 21:50
中国移动张同须：构建5G+硬核能力体系，赋能千行百业,张同须表示，通信技术的发展本着商用一代研发下一代的原则，现在5G刚刚商用，中国移动已经启动6G标准的研究。,http://www.c114.com.cn/news/118/a1112114.html,2019/12/20 07:57
携手开启5G+VR体验新时代——中国电信广东公司举办天翼云VR业务正式商用暨华为VR Glass首销上市发布会,2019年12月19日下午， 由中国电信广东公司与华为技术有限公司（以下简称华为）联合举办的VR视界，智看未来天翼云VR业务正式商用暨华为VR Glass首销上市发布会在广州成功举行。此次发布会隆重推出中国电信正式商用的天翼云VR业务和华为首款轻薄VR眼镜华为VR Glass，共同打造面向5G+光宽,http://www.c114.com.cn/news/126/a1112113.html,2019/12/19 21:56
外媒：OPPO明年拟在日本市场推出5G智能手机,12月19日晚间消息，据外媒报道，中国智能手机巨头OPPO的日本公司社长邓宇辰19日在东京都内召开记者会，透露称明年将面向日本市场推出对应第五代（5G）移动通信系统的智能手机。,http://www.c114.com.cn/news/51/a1112134.html,2019/12/20 08:39
5G来了,上海，这座国际大都市正在对标国际最高标准最好水平，努力打响双千兆宽带品牌。到2020年底基本形成一张覆盖中心城区和主要城镇的5G千兆网络， 助力上海成为万物感知万物互联万物智联的智慧城市。,http://www.c114.com.cn/topic/5651/a1112070.html,2019/12/19 16:15
台湾5G频谱竞标金额已超106亿元：3.5GHz频段抢破头，1.8GHz无人问津,台湾5G频谱竞标已经进入第九天，竞价达到80个回合，暂时得标价格为455亿新台币（约合106亿人民币），超过底价300亿新台币的51.7%，超过地方政府规划的400亿新台币大关，也超过“加码版”的440亿元新台币。,http://www.c114.com.cn/news/106/a1112129.html,2019/12/20 08:21
邬贺铨：年底5G用户或将超千万 5G建设主要看2020年,中国工程院院士邬贺铨在接受新浪科技采访时表示，网络建设、终端、资费、应用及安全等方面是影响5G普及速度的主要因素，5G网络建设和用户发展将主要看2020年。,http://www.c114.com.cn/wireless/2935/a1112132.html,2019/12/20 08:38
Verizon和迪士尼创新工作室合作将5G网络用于《星球大战》全球首映,Verizon官网12月18日消息，Verizon与迪士尼创新工作室StudioLAB以及卢卡斯影业合作，将5G网络用于《星球大战：天行者的崛起》的全球首映。首映采用Verizon的5G网络进行红毯高清直播，在首映后的晚宴中，现场通过5G网络与大屏幕中的电影角色进行实时互动。屏幕上的电影角色由演员在,http://www.c114.com.cn/news/17/a1112140.html,2019/12/20 09:02
华为携手合作伙伴成立上海5G云VR国际产业联盟,近日，在上海虹桥国家会议中心，华为与十多家合作伙伴一起共同成立上海5G云VR产业联盟，旨在共同推动5G云VR领域生态发展。该联盟汇聚政府、业务提供商、集成服务商，提供资源共享、合作共赢的服务平台，构建和扩大5G Cloud VR产业生态圈。华为与合作伙伴发布成立上海5G云VR国际产业联盟据IDC预测,http://www.c114.com.cn/news/126/a1111938.html,2019/12/18 23:29
三星成功进入加拿大电信市场 将为Videotron提供LTE-A和5G解决方案,三星电子近日宣布，该公司将为加拿大电信运营商Videotron提供4G LTE-A和5G无线接入网（RAN）解决方案。这是三星首次为加拿大市场提供网络解决方案。,http://www.c114.com.cn/news/116/a1111911.html,2019/12/18 17:40
中国移动计划明年打造百款5G手机 销量目标1亿部,12月17日，中国移动通信集团有限公司副总裁李慧镝对外表示，2020年中国移动将打造超百款5G手机，总销量目标超1亿部。,http://www.c114.com.cn/video/760/a1111902.html,2019/12/18 15:42
中国移动5G终端先行者产业联盟首届理事会在京召开,"12月17日，中国移动5G终端先行者产业联盟首届理事会会议暨成员大会在京举行，会上确定联盟组织架构并发布2020年工作计划，积极推动5G终端产业生态繁荣,为未来终端发展开拓新的方向。中国移动5G终端先行者产业联盟成立后，得到产业积极响应，迅速汇集终端产品、芯片器件、操作系统、应用内容、解决方案等各行",http://www.c114.com.cn/news/118/a1111906.html,2019/12/18 16:15
捷克5G拍卖难产：或将进一步延期至明年年中,据捷克通讯社（CTK）报道，捷克共和国贸易部长卡雷尔·哈维利切克（Karel Havlicek）宣布，该国的5G频谱拍卖可能会面临进一步延期，以便有更多时间来吸引第四家竞拍者。,http://www.c114.com.cn/news/116/a1111941.html,2019/12/19 07:54
中国移动力促5G终端多模多频段产业进程加速,根据GSA数据，截至2019年11月中旬，51个运营商宣布启动5G商用服务，全球110个国家的330家运营商正在投资建设5G网络。,http://www.c114.com.cn/news/118/a1111959.html,2019/12/19 08:35
GSMA移动智库：为什么载波聚合和动态频谱共享是5G的关键？,GSMA移动智库（GSMA Intelligence）生态系统研究首席分析师彼得·博伊兰（Peter Boyland）撰文指出，频谱问题通常围绕着新一代移动网络技术的推出而出现，因为运营商感受到获得新牌照以保持竞争优势的压力。从长远来看，大量的5G部署最终将取决于新频谱的可用性，特别是在中低频段。但在同时，运营商还可以借助包括载波聚合（CA）和动态频谱共享（DSS）在内的技术来管理其5G网络资产。,http://www.c114.com.cn/news/116/a1111944.html,2019/12/19 07:57
重庆联通联手重庆电信部署5G基础设施共建共享工作,近日，重庆联通联合重庆电信共同召开2020年~2022年5G共建共享网络联合规划会审会，专题部署5G基础设施共建共享工作。会议就2020年至2022年期间5G共建共享的总体技术方案及频率规划进行了讨论研究，并就联合规划思路、规划方案及近期重点工作进行了安排部署。据悉，在后期工作中，双方将继续秉承共建,http://www.c114.com.cn/news/81/a1111979.html,2019/12/19 09:49
华为梁华：正在就欧洲建设5G组件工厂进行可行性研究,北京时间12月18日晚间消息，华为董事长梁华接受法新社采访时表示，正在就欧洲建设5G组件工厂进行可行性研究。,http://www.c114.com.cn/news/126/a1111963.html,2019/12/19 08:36
金山视频云AI+边缘计算双重加速，领航5G超高清时代,随着5G时代的到来，各行业流量迎来井喷式增长，视频行业尤为突出，已经超过整个互联网流量的半壁江山。根据美国Sandvine统计数据，2019年全球互联网视频流量占比61%；另据统计在我国互联网视频流量占比更是高达80%。得益于此，我国视频云行业规模同样水涨船高，易观方舟统计，我国视频云规模增长率逐年,http://www.c114.com.cn/news/52/a1111966.html,2019/12/19 08:50
南京电信5G+VPDN业务商用,日前，中国电信江苏南京分公司基于5G+VPDN网络，为建行公积金系统培训提供通信服务。培训基于双方签署的5G战略合作协议，在5G+金融领域积极尝试，这是电信5G+VPDN业务在江苏省内首次商用。据介绍，11月初，建设银行南京分行提出计划，拟在全市银行业开展基于5G环境的公积金操作系统培训。南京电信前,http://www.c114.com.cn/news/94/a1111983.html,2019/12/19 09:51
又下三城！Verizon向年底5G覆盖30城目标迈进,Verizon本周又在3个城市推出了毫米波5G，共计覆盖21个城市，朝着年底覆盖至少30个城市的目标迈进。,http://www.c114.com.cn/news/116/a1111993.html,2019/12/19 10:11
广东联通5G创新中心重磅亮相,12月13日，国内20余家主流媒体高端访问团探访广东联通5G创新中心及参与体验无人驾驶项目，并深入了解广东联通在5G网络建设以及5G创新应用方面所取得的丰硕成果。在网络强国战略指导下，广东联通坚持网络与业务双领先战略，通过一年多的努力，广东联通已建成9000多个5G基站，并在广州、深圳建设了核心城区,http://www.c114.com.cn/news/84/a1111980.html,2019/12/19 09:49
Orange法国推出5G自主品牌手机Neva Jet,据telecompaper 12月17日报道，继11月在波兰推出5G自主品牌手机Neva Jet后，Orange法国推出了Neva套餐计划。Neva Jet手机直接购买的价格为899.9欧元（约7000元人民币），24个月的合约价为369.9欧元（约2880元人民币）。Neva Jet配备6.5寸全,http://www.c114.com.cn/news/51/a1111996.html,2019/12/19 10:18
山西电信助力“5G+工业互联网”创新发展,12月13日，2019山西省工业互联网峰发展会在太原国际会议中心召开。中国电信山西分公司举办了以智能制造与工业互联网为主题的分论坛，展示了中国电信在国内工业领域依托自身企业优势，所构建的以工业连接为基础，数据汇聚为核心，能力输出为价值的工业互联网生态。本次展会上，中国电信通过5G网络、NB-IoT以,http://www.c114.com.cn/news/101/a1111997.html,2019/12/19 10:21
重庆移动打造“5G+智慧教育”样板间,12月12日，位于重庆武陵山区深处的石柱土家族自治县的中益乡小学，迎来了一堂特殊的小学数学课。远在两百公里之外的渝中区人和街小学数学老师郭莉，在人和街小学的教室里同步为两所小学的同学零距离讲一堂关于圆的数学课。这是由中国移动重庆公司和中国移动（成都）产业研究院共同打造的重庆市重点小学人和街小学与石柱,http://www.c114.com.cn/news/81/a1112000.html,2019/12/19 10:23
引领5G建设提速 赋能“崇明生态岛”,“赋能新生态，共建智慧岛”。上海移动全力支撑崇明区打造全球首个5G全覆盖的人居生态岛。今年8月底，崇明区政府与上海移动签署《共同推进上海市崇明区5G网络建设和重点应用实施战略合作协议》。目前，上海移动已率先建成崇明区首批5G基站，基本实现崇明区重点区域网络5G全覆盖。,http://www.c114.com.cn/news/103/a1112002.html,2019/12/19 10:31
“Hello 5G，玩转天翼云VR”活动在沪举办：HUAWEI VR Glass登陆电信营业厅,HUAWEI VR Glass今日在中国电信上海公司（下称“上海电信”）张杨路营业厅炫酷亮相，作为电信“Hello 5G，玩转天翼云VR”活动的一部分，众多“花粉”涌入营业厅第一时间上手体验。,http://www.c114.com.cn/news/103/a1112010.html,2019/12/19 11:37
中国移动5G终端先行者产业联盟首届理事会暨全体成员大会成功召开,12月17日，中国移动5G终端先行者产业联盟首届理事会暨全体成员大会在京成功举办，日海智能作为5G+AIoT物联网领军企业，同时也是中国移动5G终端先行者产业联盟首批合作企业，与旗下子公司芯讯通、龙尚科技应邀参会。此前于上月15日举行的5G泛智能终端渠道生态合作峰会上，先行者产业联盟就已发布手机、A,http://www.c114.com.cn/news/118/a1112032.html,2019/12/19 14:23
爱立信与Telstra成功部署首个现网云原生容器化4G和5G EPC,爱立信宣布，该公司与澳大利亚电信运营商澳洲电讯（Telstra）已成功部署了业界首个现网云原生容器化的4G和5G EPC。爱立信称，这一成就是网络编排和自动化的一个重要里程碑。,http://www.c114.com.cn/news/116/a1112016.html,2019/12/19 13:16
罗德与施瓦茨参加中国移动5G终端先行者产业联盟首届理事会,"12月17日，中国移动5G终端先行者产业联盟首届理事会会议暨成员大会在京举行，会上确定联盟组织架构并发布2020年工作计划，积极推动5G终端产业生态繁荣,为未来终端发展开拓新的方向。中国移动5G终端先行者产业联盟成立后，得到产业积极响应，迅速汇集终端产品、芯片器件、操作系统、应用内容、解决方案、测试",http://www.c114.com.cn/news/50/a1112064.html,2019/12/19 15:35
中国移动李慧镝：围绕CHBN“四轮”全向发力，实现5G终端协同发展,为了探讨共建、开放、繁荣的5G终端生态，合作推进5G在更广范围、更多领域的应用，实现更大的综合效益。中国移动今日召开中国移动5G终端先行者产业联盟首届理事会暨成员大会。会上，中国移动通信集团有限公司副总裁李慧镝做了以《共迎5G新时代，共建终端新生态》为主题的致辞。他表示，中国移动将三多一新终端产品策,http://www.c114.com.cn/news/118/a1111789.html,2019/12/17 19:49
Ovum复盘华为MBBF 2019 5G故事中的物联网篇章,华为及其合作伙伴介绍了他们在5G方面的更新和愿景。Ovum表示，尽管物联网本身并不是此次活动的主题，但大多数演讲和谈话都直接或间接地指向了物联网市场的未来。,http://www.c114.com.cn/market/5366/a1111794.html,2019/12/18 07:46
华中地区首个钢铁5G专网建成,近日，湖北移动和中国信科携手在中国宝武武汉钢铁集团鄂城钢铁有限责任公司（以下简称鄂城钢铁）建成首个5G基站。11月30日，5G网络与鄂城钢铁信息化业务平台联调成功，打造了在华中地区首个搭载5G应用的钢厂。鄂城钢铁是湖北省最大的建筑钢材生产基地。通过建设5G行业专网的方式，鄂城钢铁业务数据具备不出厂、,http://www.c114.com.cn/news/90/a1111765.html,2019/12/17 14:56
汕头移动5G SA网络支持眼部手术直播,在5G高清视频回传的支持下，与会专家顺畅地与手术团队进行远程交流，犹如亲临手术现场。日前，一场5G眼部手术直播在2019年国际眼科研讨会（ISO）暨广东省医疗行业协会眼科管理分会年会上进行。当天，汕头移动、汕头大学香港中文大学联合汕头国际眼科中心签订共建5G+互联网+医院战略合作协议。据悉，本次大会,http://www.c114.com.cn/news/84/a1111764.html,2019/12/17 14:52
台湾5G频谱已竞价60回合 目前“战况”不算激烈,据台湾媒体报道，台湾5G频谱竞标已经进入第六天，竞价60回合，暂时得标价格为388.9亿新台币，逼近政府规划的400亿新台币大关。,http://www.c114.com.cn/news/106/a1111808.html,2019/12/18 08:43
南宁电信“5G+智慧工地”引领建筑业转型升级,近日，中国电信广西南宁分公司携手南宁市住房和城乡建设局，举办了5G+智慧工地专题活动，结合人脸识别人像卡口超脑NVR智慧应急调度等前沿技术，建设智慧工地，引领南宁市建筑业转型升级。南宁电信5G+智慧工地应用集成各业务系统，能够针对建筑工地的复杂施工环境实现5GHz以上工作频段的WiFi信号收发及传输,http://www.c114.com.cn/news/85/a1111762.html,2019/12/17 14:51
泰州电信5G一条街亮相,12月11日，由中国电信江苏泰州分公司打造的5G一条街正式开通。从泰州市凤凰路凤凰大桥到东风路路口，电信5G网络信号全覆盖，单点峰值速率达1.4Gbps。泰州分公司积极践行网络强国战略，秉承人民认可的5G才是真5G理念，持续加强5G建设，利用5G技术优势，让广大市民尽情享受智能信息新生活，与具有示范,http://www.c114.com.cn/news/94/a1111824.html,2019/12/18 09:27
5G赋能智慧交通 车联网将走向历史新阶段,中国移动相关专家在会上表示，5G是汽车高度自动驾驶实现的基础，不仅使自动驾驶更安全，还可使自动驾驶车辆量产成本更低。,http://www.c114.com.cn/news/16/a1111826.html,2019/12/18 09:29
LG U+与韩国空军学院共同打造“5G智能校园”,韩联社12月17日报道，LG U+与韩国空军学院签署谅解备忘录，将共同建设5G智能园区，打造系统有效的空军军官培训环境。合作协议包括：①建设空军学院5G智能校园；②利用ICT技术对学员进行教育培训；③共同促进国防领域的信息通信技术研究。借此实现：①应用5G实时高清图像信息传输技术，进行无人机训练任务,http://www.c114.com.cn/news/211/a1111842.html,2019/12/18 10:33
四川移动携手华为率先完成5G 64T&32T混合组网规模性能验证,2019年11月，四川移动携手华为研究低成本高效建网的5G网络建设思路，探索设备场景化选型部署，目标实现投资效益最大化。通过在成都选取密集城区（低站高）、一般城区、城镇三种场景进行64T/32T宏站规模性能验证试验，研究在不同场景下的性能表现和应用建议。64T/32T 波束理论分析，在常用配置下，3,http://www.c114.com.cn/news/126/a1111839.html,2019/12/18 10:19
5G助力VR云化  VR产业迎“第二春”,提起VR相信大家都有一定了解，那么云VR又是什么呢？所谓云VR（Cloud VR），即将云计算、云渲染的理念及技术引入到 VR 业务应用中，借助5G高速低延时的稳定的网络或全光网的千兆级家庭宽带，将关键的数据的处理全部放到云端，通过云端强大的硬件将数据处理好之后，输出音视频信号等经过编码压缩后传输到,http://www.c114.com.cn/news/211/a1111843.html,2019/12/18 10:34
“5G+工业互联网”提速 机遇与挑战并存,2019年底，工业互联网的热潮扑面而来。近期运营商们动作频频：12月5日，中国联通在浙江新昌5G先行示范区对外正式发布全球首个全5G工业互联网端到端应用；12月10日，中国移动正式推出5G+工业互联网产品体系，面向工业互联网、智慧能源等14个重点行业打造100个5G应用场景；更早之前，中国电信则正式,http://www.c114.com.cn/news/52/a1111847.html,2019/12/18 10:38
高层访谈 | 中兴通讯徐锋：5G时代重回主流手机品牌队列,近日，中兴通讯高级副总裁、终端事业部总裁徐锋在接受C114等媒体的采访时强调，从4G到5G，技术跨度非常大，挑战与机遇并存，手机市场的格局变化是大概率事件。中兴终端正依托强大的技术实力打造具有核心竞争力的5G端到端解决方案，力争在第一批5G商用的浪潮中与战略合作伙伴紧密合作，共同推动5G产业链的发展,http://www.c114.com.cn/video/760/a1111854.html,2019/12/18 10:52
中国电信牵头3GPP 5G网络覆盖增强立项,近日，在西班牙锡切斯召开了3GPP RAN第86次全会，会议明确了3GPP 5G第3个版本（Rel-17）的技术演进路线。中国电信牵头的5G网络覆盖增强立项得到了全球四十多家公司的支持，并获得全会通过。该立项由3GPP RAN1工作组主导。3GPP RAN1负责制定物理层标准，被认为是整个移动通信系,http://www.c114.com.cn/news/117/a1111846.html,2019/12/18 10:36
合力布局 联通电信打造5G共建共享网络,在2019年中国国际信息通信展览会开幕式上，中国联通董事长王晓初表示：将与中国电信共同打造全球首张5G共建共享网。双方将充分发挥双方的资源优势，频率优势，客户可以享受到覆盖翻倍、速率翻倍、带宽翻倍的5G网络服务。携号转网政策施行 共建共享网让消费者成为赢家12月1日，《携号转网服务管理规定》已经开始,http://www.c114.com.cn/news/16/a1111865.html,2019/12/18 12:31
万物互联的5G时代，如何更好地确保端点安全？,2019年被称为5G元年，相比4G快近千倍的通讯传播速度，5G不仅让广大消费者受益，更是未来数十年内新技术、新生活方式的底层基础。超高速率、超大连接、超低时延三大特性，也让5G可以构筑起万物互联的基础设施，真正实现万物互联互通。然而，5G带来的不仅是万物互联的便捷智能生活，也带来了巨大的安全隐患。随,http://www.c114.com.cn/security/4355/a1111866.html,2019/12/18 12:33
KT打造5G智能化造船所,韩联社12月17日报道，LG U+与韩国空军学院签署谅解备忘录，将共同建设5G智能园区，打造系统有效的空军军官培训环境。合作协议包括：①建设空军学院5G智能校园；②利用ICT技术对学员进行教育培训；③共同促进国防领域的信息通信技术研究。借此实现：①应用5G实时高清图像信息传输技术，进行无人机训练任务,http://www.c114.com.cn/news/17/a1111845.html,2019/12/18 10:36
华为助力Sunrise荣获2019年5G创新奖,2019年12月13日，Sunrise获得欧洲最权威通信杂志《Connect》的2019年5G创新奖，以表彰其在5G上的杰出成就：Sunrise 5G拥有瑞士乃至整个德语区三国（德国、奥地利和瑞士）最好的5G网络：拥有最快的速率和最好的覆盖Sunrise 5G网络快速部署，已为384个城镇提供网络，,http://www.c114.com.cn/news/126/a1111893.html,2019/12/18 15:23
"15,000 5G Base Stations in Shenzhen Completed Beforehand in 2019","According to the Industry and Information Technology Bureau of Shenzhen Municipality, the city's 15,000th 5G base station was completed in advance and today are successfully open, creating a new model of ""Shenzhen speed.""",http://en.c114.com.cn/2503/a1112123.html,
Hengtong Boosting Italy¡¯s 5G development and Smart Grid upgrading,"Recently, Hengtong successfully held a seminar on 5G networks and smart grids in Rome, Italy.Hengtong invited local Italian telecommunications carrier",http://en.c114.com.cn/577/a1111768.html,
挪威Telenor重申：华为将继续帮助其推出5G网络,据路透社报道，挪威电信运营商Telenor上周日重申，华为将与爱立信一起参与其在挪威的5G网络建设。,http://www.c114.com.cn/news/116/a1111650.html,2019/12/16 13:30
每周回顾 | 中国电信禁止5G终端存在CDMA制式；5G手机11月出货超500万部,中国信通院数据显示，11月国内5G手机量为507.4万部。价格方面，Redmi K30 5G版定价1999元起，将5G手机的价格降至2000元以内。中国电信加速CDMA退网，要求从2020年起，所有5G终端不允许存在CDMA频段和制式。,http://www.c114.com.cn/video/760/a1111659.html,2019/12/16 14:01
华为5G创新与体验中心即将在英国伦敦开幕,华为公司在英国建设的5G创新与体验中心将于12月16日下午在伦敦隆重开幕，英国主流运营商、行业机构、生态孵化组织、大学研究机构、业界分析师及5G业务创新合作伙伴等也将参与到本次开幕式，体验英国和全球领先的5G商业应用，在现场，Light Reading旗下欧洲知名的电信新闻平台Telecoms将推出,http://www.c114.com.cn/video/760/a1111691.html,2019/12/16 18:22
5G时代，运营商政企市场过得还好吗？,4G刚刚进入稳定发展期，5G便随之而来，如此快速的从4G过渡到5G，这让运营商也有点措手不及，原本大刀阔斧的对4G进行大投入，想着能靠它缓解下增收压力，但却未能等到4G的红利完全发挥出来，便又要进行新一轮的资本投入和资源配置，运营商如今的处境可谓四面楚歌。一方面传统公众市场已趋于饱和，竞争压力巨大，,http://www.c114.com.cn/market/220/a1111676.html,2019/12/16 16:05
【破局】5G为何尚不足以对有线电视行业构成威胁？,在大约二十年的时间里，有线电视行业主要依托于三个收入来源维持着发展，即有线电视、固定电话和高速宽带。但是如今，有线电视的这三项主要业务板块不断遭到侵蚀。越来越少的家庭需要座机服务，数以百万计的美国人正在取消有线电视业务，特别是随着诸如迪士尼+，Apple TV+和HBO Max等新型流媒体产品的不断,http://www.c114.com.cn/swrh/1991/a1111690.html,2019/12/16 17:39
中兴通讯携手张信哲共同见证5G未来进行式,12月14日、15日，全球首场5G个人演唱会张信哲未来式世界巡回演唱会上海站在梅赛德斯奔驰中心盛大启幕，张信哲与数万观众一起，唱响梦想不止，未来可期的未来式，以5G网络为支点，以快之名，让爱不再等待；以中兴天机Axon 5G旗舰为承载， 铭刻独属于阿哲与歌迷的暖心记忆。中兴通讯携手上海电信，为这场科,http://www.c114.com.cn/news/127/a1111663.html,2019/12/16 14:11
ZTE to Release Over 15 5G Terminals in 2020,"In the highly competitive 5G mobile phone market, ZTE terminal department plans to release ZTE Axon 10s Pro, a new generation 5G dual-mode mobile phone recently.",http://en.c114.com.cn/578/a1111701.html,
5G时代，我们需要怎样的语音方案及应用部署？,众所周知，5G系统支持NSA和SA两种组网模式，前者主要考虑经济性，可直接利用现有4G核心网，以保护已有投资；后者主要考虑先进性，需要新建5G核心网，可向用户提供高性能服务。2018年6月，3GPP R15全功能标准化完成，是第一个可商用的SA版本。2019年6月，3GPP R16版本阶段2顺利冻结,http://www.c114.com.cn/tech/164/a1111696.html,2019/12/16 21:56
持续推进5G商用与产业创新，3GPP RAN R17标准立项,近日，3GPP RAN第86次全会在西班牙的锡切斯成功召开。在本次会议上，3GPP对于5G演进标准（R17）进行了规划和布局，共设立23个标准立项。其中，面向网络智能运维的数据采集及应用增强，多播广播，面向赋能垂直行业的精准定位、NB-IoT及URLLC增强等项目格外引人关注。本次3GPP R17立,http://www.c114.com.cn/wireless/2935/a1111697.html,2019/12/16 21:59
广东韶关电信打造“5G智慧医院”示范标杆,近日，中国电信广东韶关分公司与韶关市第一人民医院、华为技术有限公司举行共建5G+智慧医院战略合作以及5G+移动护士站项目签约仪式。根据协议，韶关电信承诺在韶关市第一人民医院布局领先网络，包括万兆光网到院区、千兆光网到桌面、5G优先覆盖等，同时全程为医院5G+远程影像、5G+远程医疗、5G+远程心电、,http://www.c114.com.cn/news/84/a1111717.html,2019/12/17 09:44
定位专业影像旗舰：vivo X30系列双模5G手机正式发布,今日，vivo最新双模5G终端X30系列手机在广西桂林正式发布。作为vivo X系列的最新旗舰级产品，X30 Pro定位专业影像旗舰，搭载60倍超级变焦系统，可为用户呈现专业望远影像。此外，vivo X30系列还致力打造5G旗舰，搭载与三星联合研发的Exynos 980芯片，支持SA&NSA双组网模式。,http://www.c114.com.cn/news/51/a1111699.html,2019/12/16 22:53
山东移动助建“5G+物联网+氢能源”公交线路,近日，全国首条5G氢能源公交线路正式投入运营，高速上网、视频点播、移动办公、享受智能生活这些基于山东移动5G网络的出行新体验率先在济南K115路公交沿线实现，济南市公交系统正式迎来5G时代。据了解，K115路公交线路途经核心商圈及热门景点，为进一步满足市民出行的通讯需求、提升用户乘车体验，山东移动抽,http://www.c114.com.cn/news/100/a1111716.html,2019/12/17 09:42
山东威海联通与威海高新区开展5G战略合作,12月11日，山东威海联通与威海高新区管委举行5G战略合作协议签约仪式。根据协议，双方将在5G网络环境建设、5G业务孵化等方面展开新一轮战略合作，持续提升双方5G网络服务和应用竞争力。威海联通表示，将充分发挥技术、网络方面的优势，携手高新区，以5G、云计算、大数据、物联网等新兴产业技术为驱动，运用开,http://www.c114.com.cn/news/100/a1111718.html,2019/12/17 09:48
5G商用将成经济高质量发展重要支撑,历史规律告诉我们，每一项关键技术的大规模普及，都给人类的经济和社会带来重大变革。时至今日，5G成为这一项关键通用技术。在近日举办的中国5G经济研讨会上，与会嘉宾一致认为，5G将使移动连接成为一项通用技术，让万事万物彼此互联，使创新大规模爆发，开启一个突破限制、加速进步的时代，成为我国经济高质量发展重,http://www.c114.com.cn/news/16/a1111731.html,2019/12/17 11:04
5G确定性网络产业联盟工业互联网组研讨会成功举行,近日，5G确定性网络产业联盟在北京成功举行工业互联网组研讨会，本次会议围绕5G确定性网络在工业互联网行业的应用实践和探索，深入研讨离散制造及流程制造行业的场景需求、商用挑战和行动方向，共建5G确定性网络工业互联网行业生态。参会嘉宾合影留念本次研讨会议由联盟工业互联网组副组长、华为云核心网5G产业发展,http://www.c114.com.cn/news/126/a1111730.html,2019/12/17 10:41
读懂5G机遇，洞悉政策红利：资深5G专家孙松林新书《5G时代》上市,2017年和2018年《政府工作报告》指出，中国要加快5G技术的研发与转化，推动相关产业的发展。5G带来的机遇，更是被视为经济增长的新引擎。2019年以来，与5G相关的政策研究、技术发展预测、商业场景应用，出现井喷式现象，新华网、人民日报等主流媒体论断，中国进入5G时代。2019年是5G商用元年，大,http://www.c114.com.cn/wireless/2935/a1111737.html,2019/12/17 11:30
华为成立英国5G创新与体验中心：聚焦三大功能 推动5G在英国和欧洲发展,华为在英国建设的5G创新与体验中心当地时间16日在伦敦正式揭幕，该中心将作为一个窗口和平台，推动5G在英国和欧洲的发展，激发出5G更大的商业价值。,http://www.c114.com.cn/news/126/a1111739.html,2019/12/17 11:34
爱立信携手联发科完成5G VoNR互操作性测试,管到目前为止，全球推出的5G网络都是基于非独立（NSA）架构，但到2020年，独立5G（SA 5G）将成为现实。爱立信表示，在其与联发科完成了业界首次成功的5G VoNR互操作性测试后，SA 5G又向前迈进了一步。,http://www.c114.com.cn/news/116/a1111747.html,2019/12/17 12:23
思科重申：无意进入5G RAN市场 聚焦核心与承载网,）日前，思科服务提供商网络业务高级副总裁Jonathan Davidson在巴克莱投资者会议上表示，网络运营商需要解决三个关键领域才能促进5G服务的交付，而思科正在其中两个领域发挥作用。,http://www.c114.com.cn/news/134/a1111704.html,2019/12/17 08:36
思博伦参与中国移动合作，首创5G多天线吞吐性能评估系统,玉衡系统将帮助芯片组和手机制造商提升5G终端性能领先的下一代设备和网络测试、保障和分析解决方案供应商思博伦通信（伦敦证交所上市代码：SPT）今天宣布，思博伦参与到与中国移动的合作中， 成功创建了一套真实的5G设备测试系统--玉衡系统。玉衡系统由中国移动开发，其中融合了思博伦的无线信道仿真技术，可以帮,http://www.c114.com.cn/news/50/a1111755.html,2019/12/17 13:18
法国政府启动5G频谱牌照分配程序,法国政府周二表示，在批准了通信监管机构提出的规格以及5G频谱牌照的财务条件之后，政府已经启动了牌照分配程序。法国政府发表声明称，已将50兆赫频段的价格定为3.5亿欧元（约合3.86亿美元），并将10兆赫频段的价格定为7000万欧元（约合7800万美元）。,http://www.c114.com.cn/wireless/2935/a1111798.html,2019/12/18 07:58
全球首场5G+全场景直播盛典落幕 咪咕汇创新音乐盛典新潮流,12月14日晚，由咪咕公司主办，咪咕音乐承办、中国移动广东公司联合承办的真乐无界--神武第十三届音乐盛典咪咕汇在广州宝能国际体育演艺中心如约上演。作为全球首场5G+全场景沉浸式音乐盛典，本届咪咕汇全程以5G、4K、VR、AR、全面屏视频彩铃等黑科技助阵，五月天、林忆莲、蔡依林、华晨宇、薛之谦、梁静茹,http://www.c114.com.cn/news/118/a1111565.html,2019/12/15 16:41
5G+VR科技赋能音乐盛典 咪咕汇开启全场景沉浸式体验,5G时代的音乐盛典怎么看，怎么玩？12月14日，神武第十三届音乐盛典咪咕汇携五月天、林忆莲、蔡依林 、华晨宇、薛之谦、梁静茹、蔡徐坤等乐坛一众大咖如期而至。基于中国移动5G先发优势与咪咕五新体验，咪咕公司打造了全球首场5G+全场景沉浸式音乐盛典，更在现场首次设置5G沉浸式体验区。一面是集齐华语乐坛半,http://www.c114.com.cn/news/118/a1111566.html,2019/12/15 16:46
华为杯2019年全国大学生5G物联网创意竞赛决赛在上海成功举办,由全国大学生物联网设计竞赛组委会、上海交通大学及华为技术有限公司联合举办的2019全国大学生5G物联网创意竞赛14日在华为上海研究所圆满落幕。本次大赛共吸引了来自全国90多所高校的130多个团队报名参赛，经过前期网上预赛遴选，来自深圳大学、南京大学、哈尔滨工业大学、济南大学、上海工程技术大学、福建农,http://www.c114.com.cn/news/126/a1111564.html,2019/12/15 11:00
"Xiaomi Brings 5G Smartphones into the 2,000 RMB Era","In recent days, Xiaomi’s sub-brand Redmi officially launched the first 5G cellphone Redmi K30 5G, with the basic price at 1999 RMB, the cheapest 5G cellphone below 2000 RMB",http://en.c114.com.cn/578/a1111558.html,
联通5G赋能体育赛事 深圳国际马拉松开启5G发展新篇章！,2019年10月，中国联通宣布正式启动5G商用。伴随5G时代的到来，5G与体育赛事的深度融合也成为时下较为热门的话题。近日，深圳联通为深圳国际马拉松比赛提供5G+AI深入制播服务，将参赛选手的每个精彩瞬间呈现给观看用户，让用户深入感受到马拉松比赛带来的紧张刺激的氛围。图一：鸣枪开跑前的起点据悉，深圳,http://www.c114.com.cn/news/84/a1111569.html,2019/12/15 19:16
挪威电信表示5G继续使用华为设备,12月13日，挪威电信公司（Telenor）表示，在建设5G网络时将继续使用华为公司的设备。与此同时，将新增爱立信为5G供应商。在13日的新闻发布会上，挪威电信集团总裁兼首席执行官布莱克（Sigve Brekke）表示，未来4至5年内将进行网络改造。在此过程中，挪威电信将继续使用现有供应商华为公司的,http://www.c114.com.cn/news/126/a1111560.html,2019/12/14 14:21
鸡西联通与鸡矿医院携手应用5G网络实现远程会诊,12月4日，黑龙江鸡西联通与鸡矿医院有限公司携手举办5G医院学习观摩大会，这是鸡西市第一次应用5G网络实现远程会诊。据悉，观摩现场采用5G网络通过360度高清摄像头，将腹腔镜手术现场情况和患者的生命体征数据进行实时回传，哈尔滨市医大第一医院教授根据回传信息进行远程指导，鸡西联通全程提供5G网络支撑。,http://www.c114.com.cn/news/89/a1111596.html,2019/12/16 09:24
China Telecom may not allow CDMA System in 5G Terminals Next Year,"It is said that, China Telecom requires that, since 2020, no CDMA frequency band or system would be allowed in 5G terminals, and there shall be no VoLTE switch; If the CDMA frequency band and system have been reported",http://en.c114.com.cn/576/a1111608.html,
杭州电信5G助力智能网联公交车,日前，由中国电信浙江杭州分公司合作实施的杭州市萧山区5G智能网联车路协同系统项目亮相。该项目基于5G通信和网联自动驾驶技术，实现车路协同、智慧路口、绿波引导、智能巡航、车车互通、智慧站台等应用，为全国首个在社会开放路段实施并面向商业应用的车路协同项目。据悉，项目一期覆盖7公里路段，涉及7个路口、2个,http://www.c114.com.cn/news/111/a1111599.html,2019/12/16 09:25
欧洲目前超过20个国家或地区选择华为5G设备,近日Michael统计了选择华为5G设备的欧洲国家，信息显示目前数量已经达到21个国家或地区，该信息也得到华为欧洲的确认。信息显示，目前明确表示选择华为5G设备的国家或地区有英国、法国、德国、挪威、意大利、摩纳哥、西班牙、瑞士、爱尔兰、葡萄牙、荷兰、芬兰、希腊、塞浦路斯、奥地利、罗马尼亚、匈牙利、土,http://www.c114.com.cn/news/17/a1111600.html,2019/12/16 09:26
为5G商用铺路！移远通信5G开发者研讨会（深圳站）顺利举行,12月13日，移远通信5G开发者研讨会在深圳顺利举行，近200位来自运营商、物联网产业链企业的嘉宾出席了本次会议。移远5G领域的专家带来了移远在5G方面的领先成果，并详细讲述了移远5G模组在支持终端设计时的技术优势及注意事项等。在被誉为商用元年的2019年，5G的发展取得了重大的突破。运营商积极部署,http://www.c114.com.cn/wireless/2935/a1111604.html,2019/12/16 09:46
杭州电信助力长龙航空“5G+远程维修”,日前，长龙航空联合中国电信杭州分公司完成总部大楼5G信号全覆盖，成为杭州首家5G信号全覆盖的企业。5G信号全覆盖后，利用大带宽、高速率、低时延的5G网络，长龙航空将推进5G+远程维修应用。通过5G网络及布置在机检工业园区内的高清摄像头的头盔，将现场高清图像回传至专家室，从而快速解决室外、移动性场景的,http://www.c114.com.cn/news/111/a1111607.html,2019/12/16 09:51
【上周回顾】中国电信：5G终端禁CDMA制式；小米系率先将5G手机带入2000元时代；我国5G手机11月出货量超500万部,本周热点有中国电信：5G终端禁CDMA制式；小米系率先将5G手机带入2000元时代；我国5G手机11月出货量超500万；中国电信组织架构大调整；联通数据中心交换机集采预算9.3亿；美政府拍板放弃DSRC 转向C-V2X；联通在线两周年：重新定义185中国电信：5G终端禁CDMA制式近日，有网友在通信,http://www.c114.com.cn/news/16/a1111592.html,2019/12/16 08:48
R17技术演进路线明确，5G时代“中国声音”响彻3GPP,在近日于西班牙锡切斯成功召开的3GPP RAN第86次全会上，明确了备受业界关注的3GPP 5G第3个版本（Rel-17）的技术演进路线。,http://www.c114.com.cn/wireless/2935/a1111585.html,2019/12/16 07:59
苏州移动打造全省首个5G+智慧高速服务区,沪宁高速上的阳澄湖服务区在今年年中完成改造。作为国内首个以梦里水乡、诗画江南为设计理念，以苏州一街三园为特色，不断引入本地非遗文化和高科技亮点的服务区苏州阳澄湖服务区，目前已逐步被打造成全国知名的网红服务区，客流量暴增，据统计，日均客流量已达7万人次。科技赋能、创新领跑，是当前服务转型的发展理念，为,http://www.c114.com.cn/news/94/a1111613.html,2019/12/16 09:54
12月19日盛大开幕|快收下这份逛展攻略，年终5G物联网大展来了,"时间：12月19-21日地点：深圳会展中心（福田）深圳国际物联网与智慧未来展、EVAC深圳国际未来汽车及技术展将协同一年一度的ELEXCON2019深圳国际电子展,IEE深圳国际嵌入式系统展盛大开幕，并引入全球巡回盛会IoT World中国站与5G China全球大会，奉上一场助力5G以及物联网技术",http://www.c114.com.cn/expo/13/a1111623.html,2019/12/16 10:34
中兴终端总裁徐锋：2020年至少推出15款5G终端,在波澜诡谲的手机市场中屹立二十多年不倒，中兴终端堪称手机届的“黄埔军校”。如今，中兴终端正依托强大的技术实力打造具有核心竞争力的5G端到端解决方案，力争在第一批5G商用的浪潮中与战略合作伙伴紧密合作，共同推动5G产业链的发展，加速5G的商用进程，以“5G先锋”的身份回归主流手机品牌队列。,http://www.c114.com.cn/news/127/a1111624.html,2019/12/16 10:50
广东联通和广东电信开通国内首个5G SA共建共享商用站点,昨日晚间据中国联通消息，广东联通和广东电信开通国内首个5G SA共建共享商用站点。官方称在联通电信共建共享5G精品网分区建设城市广州和深圳，广东联通和广东电信在各自承建区域内同步开通了5G SA共建共享商用站点，并成功完成相关业务互操作测试，双方用户体验均符合预期，为后续SA共建共享大规模商用迈出了,http://www.c114.com.cn/news/84/a1111568.html,2019/12/15 16:58
"2000元再刷价格新低 全球智能手机5G""换机潮""来了？",随着运营商5G基站建设的迅速推进，5G手机成为手机市场最大的关注点。进入12月，各大手机品牌企业不断推出新的5G手机，5G手机的价格也不断创新低。5G手机对天线、摄像头、连接器、芯片等都提出了更新的要求，目前，手机产业链上相关上市公司纷纷扩产应对。5G商用时代到来，利好消息近期带动了5G、华为等概念,http://www.c114.com.cn/news/51/a1111643.html,2019/12/16 11:43
中兴通讯亮相第八届全球物联网峰会 5G+AIoT赋能智能制造,近日，由上海市经济和信息化委员会、中国信息通信研究院指导，上海市物联网行业协会、中国传感器与物联网产业联盟联合主办的第八届全球物联网峰会在上海举办。本届峰会以人工智能、5G与物联网互促发展为契机，聚焦探讨物联网产业发展。中兴通讯受邀参与此次峰会，中兴通讯IoT方案总监李溦在5G+工业物联网高峰论坛上,http://www.c114.com.cn/news/127/a1111632.html,2019/12/16 11:11
realme X50将于年前发售 支持双模5G/或配120Hz屏幕,此前，realme正式官宣旗下首款5G手机命名为realme真我X50 5G，支持SA/NSA双模5G网络，名字中的5代表这是realme推出的5G双模产品，0则表示该机是开启realme 5G元年的第一部手机。目前，官方没有透露这款手机的具体发布时间，不过根据这两天realme产品总监和网友的互动,http://www.c114.com.cn/news/51/a1111494.html,2019/12/13 13:22
我国未来6年5G总投资0.9-1.5万亿元，商用进程仍存五大挑战,今天，由中国国际经济交流中心和中国信息通信研究院联合推出的《中国5G经济报告2020》（以下简称报告）正式发布。报告预测，2020年我国5G总投资约为0.9万亿，2025年将达到1.5万亿。,http://www.c114.com.cn/wireless/2935/a1111487.html,2019/12/13 12:21
报告称5G网络产生的废热可用于市政供暖,德国能源巨头意昂集团最新发布的一份研究报告说，5G网络将大幅增加当地数据中心的耗电量，由此产生的废热可用于市政供暖。但目前德国只有19%的数据中心会利用废热，多数情况下是给自身的建筑物供暖或用于加热水。,http://www.c114.com.cn/wireless/2935/a1111501.html,2019/12/13 14:11
助力新时代高质量发展，《中国5G经济报告2020》正式发布,2019年12月13日，中国5G经济研讨会在北京中国国际经济交流中心召开。本次论坛由国经咨询有限公司主办，会议邀请了中国国际经济交流中心常务副理事长张晓强、中国信息通信研究院副院长何桂立、高通公司中国区董事长孟樸、中国通用技术集团检验检测认证事业部副总经理谢飞、中国联通5G创新中心主任冯毅、中兴通讯,http://www.c114.com.cn/wireless/2935/a1111493.html,2019/12/13 12:25
鸡肋还是刚需？智能手表能否成为5G时代新入口,2017年的华为分析师大会上，时任华为副董事长、轮值CEO徐直军的一番话让外界十分意外：我不明白有了智能手机为什么还要有智能手表。我们做的这东西未来到底有没有需求？两年多时间过去，包括智能手表在内的可穿戴设备已经成为华为消费者业务的重要组成部分。华为之外，小米于上个月推出了智能手表产品小米手表，OP,http://www.c114.com.cn/news/51/a1111502.html,2019/12/13 14:22
5G全面赋能经济并非一蹴而就：受益行业将分批次涌现,今天，由中国国际经济交流中心和中国信息通信研究院联合推出的《中国5G经济报告2020》（以下简称报告）正式发布。报告预测，2020年5G对我国直接经济总产出贡献6.3万亿，经济增值2.9万亿；间接经济总产出贡献10.6万亿，经济增值3.6万亿。,http://www.c114.com.cn/wireless/2935/a1111490.html,2019/12/13 12:24
5G时代下，运营商数据业务如何精细化运营？,移动通信技术从诞生以来飞速发展，回顾历史，每一代移动通信技术均带来了频谱效率和网络容量的成倍提升，促使新的业务类型不断涌现并持续发展。另一方面，新的应用场景需求的出现又推动着移动通讯技术的更新换代。在2G时代，语音和消息为主的电信服务，给运营商带来了巨大的利润。在3G/4G时代，移动互联网飞速发展，,http://www.c114.com.cn/wireless/2935/a1111486.html,2019/12/13 12:02
孟樸：5G“发明时代”，高通用科技赋能中国创新崛起,2019年是全球5G商用元年。为了更够更好的赋能中国创新崛起，高通与中国国际经济交流中心和中国信息通信研究院两家智库合作，推出《中国5G经济报告2020》（以下简称报告），深入探索5G如何帮助各行各业在5G之路上能有更快更好的创新。,http://www.c114.com.cn/news/1761/a1111508.html,2019/12/13 15:35
张晓强：5G赋能中国经济高质量发展，应重点关注三个方面,今日，“中国5G经济研讨会”在北京中国国际经济交流中心召开。会上，中国国际经济交流中心和中国信息通信研究院联合推出《中国5G经济报告2020》。中国国际经济交流中心常务副理事长张晓强表示，应从三方面入手推动5G高质量发展。,http://www.c114.com.cn/wireless/2935/a1111511.html,2019/12/13 15:41
realme上央视：全面拥抱5G 首款5G新机下月见,12月13日消息，realme CMO徐起在接受央视采访时表示，5G时代将会出现一些杀手级应用，比如云端游戏、更加智慧互联的IoT设备以及更高清的直播等等。realme创始人兼首席执行官李炳忠此前就表示，realme全面拥抱5G时代，2020年国内市场不再推出4G手机，全系产品将支持5G网络。,http://www.c114.com.cn/news/51/a1111514.html,2019/12/13 15:53
诺基亚将提供全球首个用于铁路运营的SA 5G系统,据外媒报道，芬兰电信设备供应商诺基亚宣布，将为从德国汉堡的关键交通枢纽Berliner Tor开始的S-Bahn 21号线长达23公里的线路铺设一张SA 5G网络。作为Digitale S-Bahn Hamburg项目的一部分，到2021年，这条线路将运营无人驾驶火车，并完全通过这张SA 5G网络共享数据。,http://www.c114.com.cn/news/116/a1111519.html,2019/12/13 16:13
中国电信“断舍离”：5G终端不允许存在CDMA制式,近日，有网友在通信人家园爆料，中国电信要求从2020年起，所有5G终端不允许存在CDMA频段和制式，同时要求不允许存在VoLTE开关；如果已报CDMA频段和制式，需要明确去除时间安排，最终入网证和型号核准证不允许出现CDMA频段和制式。,http://www.c114.com.cn/video/760/a1111525.html,2019/12/13 16:44
2019年广东联通收官重磅!5G创新中心全新亮相,12月13日，20余家国内主流媒体组成高端媒体访问团共同探访广东联通5G创新中心及参与体验无人驾驶项目，广东联通为到访媒体深入展示5G领域所取得的丰硕成果。近年来，广东联通一路向前，厚积薄发，5G发展一直走在全省乃至全国前列，不仅在5G网络建设上取得多项突破性进展，还推动多项5G创新应用的实施落地，,http://www.c114.com.cn/news/84/a1111529.html,2019/12/13 17:09
AT&T真正的5G来了！在十城启动低频5G网络商用,AT&T真正的5G网络终于启动商用。这家运营商为覆盖范围内的所有用户开通了基于低频的下一代网络，并开售销售1300美元的Galaxy Note10 Plus 5G。,http://www.c114.com.cn/news/116/a1111530.html,2019/12/13 17:11
中国电信牵头3GPP 5G网络覆盖增强立项，助推全球5G独立组网进程,当地时间2019年12月9日至12日，在西班牙锡切斯召开了3GPP RAN第86次全会，会议明确了3GPP 5G第3个版本（Rel-17）的技术演进路线。中国电信牵头的5G网络覆盖增强立项得到了全球四十多家公司的支持，并获得全会通过。5G独立组网（SA）可使能服务化架构、云化部署、云网融合、网络切片,http://www.c114.com.cn/news/117/a1111537.html,2019/12/13 19:13
Dell’oro发布2019第三季度RAN份额报告，华为5G NR蝉联全球第一,近期，全球ICT行业权威市场研究机构Dell'oro发布了2019年第三季度全球RAN份额报告《2019年第三季度移动无线接入网络市场份额报告》，该报告对各厂商RAN市场表现进行了综合评估分析。其中华为5G NR设施第三季度市场份额全面领先，蝉联全球第一。Dell'oro指出，全球5G发展持续加速甚,http://www.c114.com.cn/news/126/a1111540.html,2019/12/13 19:31
享受畅快5G网络找深圳联通 超多5G会员权益等您来拿！,随着5G商用开启，5G套餐也成为人们热议的话题，多少价位的套餐最经济适用、成为5G会员可以享受哪些权益等问题很多人并不清楚。加之各地运营商推出的5G套餐不一样，让众多想办理5G套餐的消费者望而却步。那么，同样也想尝试5G套餐的深圳联通用户，如何清楚了解并找到合适自己的套餐呢？多档5G套餐嗨不停多种会,http://www.c114.com.cn/news/84/a1111544.html,2019/12/13 21:55
华为荣获国内首家5G核心网电信设备进网许可证,近日，华为获得工业和信息化部颁发的5G核心网电信设备进网许可证。华为5G核心网支持2G/3G/4G/5G NSA/5G SA全融合，相关网元已按照进网规范一次性通过测试，符合国家规定的标准，准许接入公用电信网使用。华为作为国内首家获得5G核心网电信设备进网许可证的公司，标志着华为5G核心网设备在5G,http://www.c114.com.cn/news/126/a1111539.html,2019/12/13 19:28
中国移动推动3GPP RAN R17版本多项重要标准立项,近日，3GPP RAN第86次全会在西班牙的锡切斯（Sitges）成功召开。在本次会议上，3GPP标准专家对5G演进标准（Rel-17）进行了规划和布局，围绕网络智慧化、能力精细化、业务外延化三大方向共设立23个标准立项，涵盖面向网络智能运维的数据采集及应用增强，面向赋能垂直行业的无线切片增强、精准,http://www.c114.com.cn/news/118/a1111545.html,2019/12/14 09:22
全球第一部高功率等级5G NSA （FDD+TDD）终端3GPP研究课题日前结项,继昨天中国联通和中国电信联合牵头在3GPP成功立项2.1GHz频段50MHz带宽之后，3GPPRAN全会又传来喜报。在本次会议上，中国联通网研院牵头的国际上第一部高功率等级5G NSA终端（FDD+TDD模式）的研究课题结项。本课题研究确定了在以上模式下高功率终端如何能够满足SAR（电磁辐射吸收比）,http://www.c114.com.cn/news/119/a1111528.html,2019/12/13 17:04
德国Telefonica宣布采用华为设备建设5G网络,本周三，西班牙运营商Telefonica的德国子公司宣布选择了诺基亚和华为建设5G网络，以寻求尽快开展5G网络的部署。,http://www.c114.com.cn/video/760/a1111396.html,2019/12/12 16:14
中国首颗民营5G卫星将发射 单星覆盖面积约50个上海,记者12日从银河航天获悉，中国首颗通信能力可达10Gbps的民营5G低轨宽带卫星近日正式出厂，预计12月月底搭载快舟一号甲火箭发射升空。据了解，该卫星是中国商业航天公司银河航天自主研制的首颗Q/V频段卫星，也是中国首颗由商业航天公司研制的200公斤量级卫星，运行轨道高度为1200千米，单星可覆盖30,http://www.c114.com.cn/satellite/2515/a1111391.html,2019/12/12 15:56
台湾5G频谱拍卖已超越底价 战况不如预期激烈,本次竞拍底价总计300亿新台币（下同），规划收益440亿。暂时总得标金已超越底价，第24回合总标金为303.16亿元，最热门频段3.5GHz暂得标金299.04亿元，28GHz维持暂得标金4.12亿元，1800MHz尚无人出手。,http://www.c114.com.cn/news/106/a1111402.html,2019/12/12 16:43
思博伦在2019年获得100多个5G订单,下一代设备和网络领域领先的测试保障和分析解决方案供应商思博伦通信（伦敦证交所上市代码：SPT）今天宣布，到目前为止，2019年思博伦共获得超过100个5G相关订单。5G部署时间表不断加速，由此也推动了5G业务的高潮，而此类部署不仅需要复杂的测试，还需要在全新的下一代网络中融入新的保障技术，确保网络的,http://www.c114.com.cn/wireless/2935/a1111401.html,2019/12/12 16:41
5G来了，华为云联手开天创世探索游戏新未来,自今年6月工信部正式发布5G牌照开始，我国的5G网络建设如火如荼。就像1G时代属于语音、2G时代属于文本、3G时代属于图片、4G时代属于视频，5G最有可能将在游戏这种集语音、文本、图片和视频于一体，同时可以互动的高维信息载体上得到全面应用。游戏行业将转向内容高质量、精品化的发展阶段，这也意味着简单的,http://www.c114.com.cn/news/126/a1111399.html,2019/12/12 16:24
浙江省发布2019智慧城市成果，移动5G+智慧城市成新亮点,5G的普及正在推动智慧城市建设步入崭新阶段。12月10日在杭州举行的浙江省智慧城市2019年度高峰论坛暨成果案例发布会上，来自中国移动浙江公司的5G智慧城市新应用成为备受瞩目的亮点，其中乌镇5G示范小镇浙江移动打造乌镇5G新型智慧城镇案例获得优秀奖，5G赋能高品质步行街获得创新奖。会上还发布了浙江省,http://www.c114.com.cn/news/111/a1111405.html,2019/12/12 17:04
5G+工业互联网高峰论坛在京举行,12月10日，由中国移动通信集团有限公司(以下简称中国移动)和中国信息通信研究院联合主办的5G+工业互联网高峰论坛在京举行。工业和信息化部总经济师王新哲、中国移动赵大春副总经理出席论坛并致辞。王新哲总经济师强调，5G是新一代信息技术演进升级的重要方向，工业互联网是第四次工业革命的关键支撑。5G+工业,http://www.c114.com.cn/wireless/2935/a1111406.html,2019/12/12 17:07
中国电信“断舍离”：5G终端不允许存在CDMA制式,中国电信要求从2020年起，所有5G终端不允许存在CDMA频段和制式，同时要求不允许存在VoLTE开关；如果已报CDMA频段和制式，需要明确去除时间安排,http://www.c114.com.cn/news/117/a1111428.html,2019/12/13 07:51
中国联通发起成立“5G区块链合作伙伴计划”,2019年12月12日，中国联通在北京举办主题为链接5G、共赢未来的中国联通5G区块链研讨会。本次研讨会由可信区块链推进计划作为指导单位，中国联通网络技术研究院、中关村区块链产业联盟、金融区块链合作联盟联合主办发起。来自产学研专家共同研讨区块链赋能电信网、区块链在6G的应用以及5G区块链业务创新；分,http://www.c114.com.cn/news/119/a1111417.html,2019/12/12 20:04
鲁大师曝光三星Exynos 980跑分：中端5G芯片来了,今天硬件测试软件鲁大师发布了一款神秘机型的跑分成绩，它搭载的是三星最新的Exynos 980 5G SoC。与此同时，该款新机的硬件配置信息也浮出了水面，推测有可能是即将发布的vivo X30。根据鲁大师的数据来看，这款新机搭载了Exynos 980处理器、8GB运存，采用了一块2400x1080分,http://www.c114.com.cn/news/51/a1111445.html,2019/12/13 09:16
中国移动举办5G终端多模多频段技术讨论会,12月10日，为推动海内外5G终端支持多模多频段，特别是2.6GHz和4.9GHz等主流5G频段，中国移动联合终端产业链合作伙伴召开5G终端多模多频段技术讨论会，来自终端、芯片、器件等20余家产业合作伙伴参会。会上，中国移动研究院副院长黄宇红分享了中国移动在5G标准、规模试验、产业推进的贡献，基于2,http://www.c114.com.cn/news/118/a1111409.html,2019/12/12 18:38
日本政府推出5G减税政策,雅虎新闻12月12日消息，日本执政党于当日公布的2020年度税制改革纲要中，决定向投资5G通信网络的电信运营商提供税收优惠政策，旨在推进5G基站等相关设施的建设，以快速推广第五代（5G）移动通信系统在更广泛的领域中使用。该政策允许公司在未来两个财政年度（截至2022年3月）中，在投资额30％的特殊折,http://www.c114.com.cn/news/17/a1111447.html,2019/12/13 09:25
西班牙电信降低股息以支持5G投资计划,据Telecompaper 12月11日报道，西班牙电信德国分公司宣布在未来两年内降低股息以增加5G网络投资。预计今年资本支出为收入的13-14％，2020-2021年将达到峰值（收入的17-18％），2022年恢复到正常水平。股息从2018年的每股27美分降至今年的17美分，这是自2012年公开募,http://www.c114.com.cn/news/17/a1111451.html,2019/12/13 09:27
中国移动联手南方电网完成5G电力应急通信测试,12月12日，中国移动联合南方电网、华为公司和广东省电信规划设计院在深圳完成了5G电力应急通信测试。本次测试模拟地震、雨雪、洪水、故障抢修等灾害环境下的电力抢险救灾场景，通过应急通信车搭载5G基站进行现场支援，为现场多种大带宽多媒体装备提供大带宽回传能力，支撑现场高清视频集群通信、指挥决策。,http://www.c114.com.cn/news/118/a1111459.html,2019/12/13 10:09
河北移动“5G+绿色智慧矿山”助转型发展,12月7日，河北移动与九洲矿业、华为公司共同签署5G+绿色智慧矿山项目战略合作协议。此次三方合作的重点是实现基于5G技术的绿色智慧矿山创新应用。根据协议，基于九洲矿业井陉01号矿山项目应用场景，融合5G、人工智能、大数据、云计算等新一代信息技术，充分发挥各自的技术和资源优势，在5G+绿色智慧矿山领域,http://www.c114.com.cn/news/88/a1111469.html,2019/12/13 10:50
高通骁龙5G新平台 加速全球5G部署和普及,“2019年5G时代开启，全球超过40家运营商部署5G网络，超过40家终端厂商宣布推出5G终端；到2022年，全球5G智能手机累计出货量预计将超过14亿部；到2025年，全球5G连接数预计将达到28亿个。”在昨天举行的全新高通骁龙5G移动平台“芯”赏会上，高通全球副总裁侯明娟介绍，截至目前，全球搭载高通5G解决方案的终端设计已经超过230款。,http://www.c114.com.cn/news/51/a1111448.html,2019/12/13 09:27
唐山联通推动首钢5G智慧园区建设,近日，河北唐山联通与首钢京唐西山焦化有限公司签订5G智慧园区应用战略合作协议。双方为全面实施5G智慧园区信息化应用战略，以全业务经营、4G和5G为引擎，充分发挥各方在工业信息化中的综合治理、5G建设应用等领域的优势，建立战略合作伙伴关系，共同努力在资源共享、智联网平台、信息化建设服务、企业文化交流、,http://www.c114.com.cn/news/88/a1111474.html,2019/12/13 10:58
三星宣布转向RISC-V架构：5G毫米波射频IC明年商用,同样是开源指令集的RISC-V开始被越来越多公司接纳甚至采用，部分业内人士将其视为ARM的强有力对手。现在为RISC-V站台的巨头又多了一家，它就是三星。在10日于硅谷举办的RISC-V峰会上，三星公开资料称，RISC-V将率先用于其5G毫米波射频IC中。根据三星披露的信息，2017年，三星第一颗R,http://www.c114.com.cn/news/245/a1111480.html,2019/12/13 11:22
5G来了，华为云助力封面传媒迎接创新变革新挑战,"5G时代,随着云计算、人工智能等新兴技术的普及商用,媒体的接收终端正变得更多元、多场景,人们所想的万物皆媒将成为现实。在这样的背景下,传统媒体格局也将加速解构与重构,媒体融合则成为传统媒体转型升级为新兴媒体的选择。2016年,封面新闻APP正式上线。作为封面传媒旗下的旗舰产品,封面新闻APP同时承载",http://www.c114.com.cn/news/126/a1111398.html,2019/12/12 16:24
湖北联通推出“5G+教育”行业应用,近日，湖北联通与武汉市教育局联合打造了2019年中小学研学旅行课程开发项目。该项目是湖北联通首个教育类5G智慧研学旅行项目，为教育行业项目拓展又树立了一个标杆。据悉，研学旅行是由学校根据区域特色、学生年龄特点和各学科教学内容需要，组织学生通过集体旅行、集中食宿的方式走出校园，在与平常不同的生活中拓宽,http://www.c114.com.cn/news/90/a1111481.html,2019/12/13 11:35
澳洲电讯扩大5G网络覆盖至26个城市,澳洲电讯（Telstra）将5G网络扩展到了达博（澳东部城市），目前为止其5G网络已覆盖澳大利亚26个城市。,http://www.c114.com.cn/news/116/a1111277.html,2019/12/11 15:57
最全上海联通5G套餐详解，看这一篇就够了！,随着5G正式商用的推进，5G套餐用户数量也随之增加，但对于刚办理、或是还在观望的用户而言，对于5G尚还存在诸多困惑。小编收集了用户关心的联通5G套餐问题，整理出一份联通5G套餐问答宝典，来解答大家对于5G的诸多疑问。一：联通5G套餐到比4G套餐到底强在哪儿？答：和3G/4G套餐最大不同之处在于，联通,http://www.c114.com.cn/news/103/a1111292.html,2019/12/11 16:26
思考：携号转网与5G发展之“取舍”难题,前言：2019年中国通信行业可谓是热点不断，特别是下半年迎来一波又一波新变化，比如运营商产品政策调整、5G正式商用、携号转网全国开始大规模试运行等，众多的变化也将打破运营商目前的竞争格局，促使运营商做出新的调整，给用户提供更好的运营服务。近期较热门的话题当属5G正式商用和携号转网这两个，对于用户来说,http://www.c114.com.cn/market/220/a1111276.html,2019/12/11 15:54
携号转网叠加5G商用 中国电信何以“吸粉”,一直备受用户关注的全国携号转网于近期全面启动，这意味着，随着政策的优化，不止天津、海南、江西、湖北、云南这五个前期试验省（市）可享受正式服务，全国各地人民均可在不改变已持有的移动电话号码的前提下，从现有运营商改到中国移动、中国联通和中国电信三家运营商之一，这大大减少了换运营商换号码的麻烦。携号转网的,http://www.c114.com.cn/news/117/a1111263.html,2019/12/11 15:08
沃达丰在新西兰主要城市启动5G商用 采用诺基亚设备及3.5GHz频谱,沃达丰新西兰公司在奥克兰、惠灵顿、基督城和皇后镇的部分地区启用了5G，在不收取额外费用的情况下为现有用户提供了更快的服务。,http://www.c114.com.cn/news/116/a1111294.html,2019/12/11 17:32
携号转网实施或加速5G渗透推广,已经在全球数十个国家和地区实施，被普遍认为是有利于保障消费者权益有利于促进号码资源的充分利用有利于电信市场充分竞争的携号转网，在我国的推进终于进入实质阶段。5G元年里，我国携号转网服务正式施行，将让更多用户拥有更多的自主选择权。根据工信部最新公布数据，截至11月26日，中国电信、中国移动、中国联通的,http://www.c114.com.cn/market/220/a1111265.html,2019/12/11 15:10
11月国内手机市场总出货量达3484万部  5G手机占比14.6%,中国信通院发布了《2019年11月国内手机市场运行分析报告》。2019年11月，国内手机市场总体出货量3484.2万部，同比下降1.5%，其中2G手机146.9万部、4G手机2829.9万部、5G手机507.4万部，5G手机出货量环比增长103.4%。,http://www.c114.com.cn/video/760/a1111287.html,2019/12/11 16:16
"CAICT: China¡¯s 5G Mobile Phone Shipments Reached 5.074 Million in November, Accounting for 14.6%","Statistics show that domestic shipments of 5G phones have reached 14.6 percent, compared with 6.9 percent last month.",http://en.c114.com.cn/578/a1111304.html,
联通在线两周年：重新定义“185”，迎接5G蜕变,成立之初，业界对联通在线的看法基本停留在“第二个咪咕”，但这个观念如今已被彻底颠覆。,http://www.c114.com.cn/news/119/a1111306.html,2019/12/12 07:42
单月出货量超500万部，国内“5G手机换机潮”或将提前到来！,2019年11月，国内手机市场总体出货量3484.2万部，同比下降1.5%，其中2G手机146.9万部、4G手机2829.9万部、5G手机507.4万部。,http://www.c114.com.cn/news/51/a1111317.html,2019/12/12 09:02
美国银行：5G iPhone三年内为高通贡献40亿美元收入,为了共同为iPhone开发5G技术，高通在上个月的投资者日上宣布与苹果达成和解，并获得47亿美元的许可费。而美国银行又在最新报告中预计，高通公司有望在2022财年结束时从苹果公司获得40亿美元的额外收入。随着5G技术未来几年内在北美和欧洲陆续部署，高通已投入大量资金来研究和开发支持下一代蜂窝网络的调,http://www.c114.com.cn/news/1761/a1111336.html,2019/12/12 10:46
5G商用后华中地区首个5G钢铁工业互联网建成,2019年是中国5G商用元年。日前，湖北移动和中国信科携手于中国宝武旗下鄂城钢铁，在厂区内建成首个5G基站。近日，5G网络与鄂城钢铁信息化业务平台联调成功，打造了中国宝武在华中地区首个搭载5G应用的钢厂工业互联网。鄂城钢铁首个5G基站中国宝武旗下鄂城钢铁有限责任公司（简称鄂城钢铁）是湖北省最大的建筑,http://www.c114.com.cn/news/5455/a1111347.html,2019/12/12 11:27
郭明錤：苹果5G版iPhone 11S机壳成本显著增加，但售价不会明显提高,今日凌晨，天风国际分析师郭明錤发布了最新苹果研究报告。报告指出，苹果可能自2020年下半年的iPhone开始停止支付金属中框/机壳厂商一次性工程费用（Non-recurring engineering，简称NRE）以降低开发成本。此前报告曾预测苹果将在2020年下半年推出4款支持5G的新iPhone,http://www.c114.com.cn/market/39/a1111320.html,2019/12/12 09:15
中兴通讯5G云XR多人协作应用入选工业互联网联盟优秀案例,近日，中兴通讯联合江苏中车、南京移动申报的《5G云XR多人协作在智能制造领域的应用》入选工业互联网联盟优秀应用案例，并在工业互联网产业联盟第十二次工作组全会上进行了案例分享。5G网络+MEC的大带宽、低时延为XR技术应用提供了技术支撑，在智能制造领域，中兴通讯联合江苏中车、南京移动进行了5G云XR技,http://www.c114.com.cn/news/127/a1111332.html,2019/12/12 10:26
苹果不会大幅提高5G iPhone价格 原因是有春季发布会,来自天风国际（TF International Securities）分析师郭明錤在其最新报告中谈到，虽然明年5G相关组件可能会让新iPhone生产成本提高30至100美元，但苹果不会大幅提高5G iPhone的价格。原因是春季发布的iPhone会分摊九月产品的成本。此前，郭明錤曾对2020款iPh,http://www.c114.com.cn/news/51/a1111324.html,2019/12/12 09:32
vivo占位全球首批第三代5G手机阵营  “华V”继续领跑5G终端市场,进入12月，中国市场双模5G手机战火初掀。12月16日，vivo X30系列5G新品将于桂林正式发布，这也是vivo旗下首款双模5G手机。从下半年的iQOO Pro到NEX 3，vivo用性价比和高端旗舰探路5G，覆盖了高性价比手机、高端旗舰两大价格档位，赢得了市场先机。此次推出X30系列双模5G手,http://www.c114.com.cn/news/51/a1111366.html,2019/12/12 13:36
思科端到端网络产品全面升级 希望为5G时代“打造新网络”,思科对其端到端网络产品组合进行了升级，发布了新的芯片、光器件和软件，该公司宣称，这些产品将推动网络在未来十年内的发展。,http://www.c114.com.cn/news/134/a1111375.html,2019/12/12 14:55
德国Telefonica选择诺基亚和华为建设5G网络,C114讯 12月12日消息（齐鸣）周三，德国Telefonica（西班牙电信）选择了诺基亚和华为建设5G网络，以寻求尽快开展5G网络的部署，尽管德国政府还未最终确定电信行业的安全规则。西班牙运营商Telefonica的德国子公司做出这一决定之时，恰逢德国国内激烈讨论是否要听从美国称华为构成安全威胁,http://www.c114.com.cn/news/17/a1111369.html,2019/12/12 13:54
GSMA公布2020 MWC上海最新信息 推出全新5G创新投资馆作为4YFN创新系列活动的延伸,GSMA今日公布2020 MWC上海的最新信息，包括参与公司名单，以及盛会期间举办的各种活动及项目。2020 MWC上海将于2020年6月30日 (周二) 至7月2日 (周四) 在上海新国际博览中心 (SNIEC) 举行，部分相关活动将在浦东嘉里大酒店和卓美亚喜马拉雅酒店同期进行。GSMA预计，将有,http://www.c114.com.cn/news/211/a1111373.html,2019/12/12 14:35
SA：2020年用户体验趋势——人工智能，5G和Android Automotive操作系统的进步将带来数字化转型,2020年一系列新技术将带来数字化转型。Strategy Analytics 用户体验创新研究团队发布的最新洞察报告确定了2020年最值得关注的用户体验趋势。人工智能（AI）将开始在消费者技术领域带来切实的用户利益；新的独特用例将会出现并将充分利用超高容量5G网络的优势；可折叠设备将加速设备规格创新,http://www.c114.com.cn/news/213/a1111372.html,2019/12/12 14:19
“华为杯2019年全国大学生5G物联网创意竞赛决赛将于本月14日在上海举行,华为杯2019年全国大学生5G物联网创意竞赛决赛将于本月14日在上海举行，此前，经过来自国内多所著名高校及华为5G应用专家的综合评审，遴选出29支队伍进入12月14日在华为上海研究所举行的决赛。（官网链接：iot.sjtu.edu.cn）此次5G物联网创意竞赛是由全国大学生物联网设计竞赛组委会、上海,http://www.c114.com.cn/news/126/a1111179.html,2019/12/10 17:02
运营商EE获RootMetrics英国5G评测最高分，彰显华为5G实力,近日，国际知名网络评级机构RootMetrics在英国伦敦对多家运营商的5G网络进行了全面评测，英国运营商EE在5G网络最高速率、平均速率、可获得性上完胜英国其他运营商。相比之下，高达1.5倍的5G下载速率，3倍的5G网络覆盖使EE的5G网络成为名副其实的英国最佳5G网络。（伦敦网5G络覆盖情况，E,http://www.c114.com.cn/news/126/a1111187.html,2019/12/10 18:04
权威测试结果：瑞士和德语区三国，Sunrise 5G网络最佳！,瑞士Sunrise拥有瑞士乃至整个德语区三国（德国、奥地利、瑞士）最好的5G网络，欧洲最权威通信刊物Connect联合欧洲权威专业网优咨询服务公司P3 Group发布的一项最新测试显示。,http://www.c114.com.cn/news/116/a1111196.html,2019/12/10 21:24
下载一部电影5秒钟就能搞定，泰州步入移动5G+新时代,12月4日，泰州移动于泰州市政府大楼举办泰州步入移动5G+新时代主题活动，宣告泰州5G规模建设正式启动。记者了解到，2019年底前，将建设400个5G站点；2020年春节前建成800个站点，基本完成市区和县城核心热点区域连续覆盖和重点楼宇、商业综合体等室内覆盖，为广大市民带来5G新体验、新便利、新服,http://www.c114.com.cn/news/94/a1111175.html,2019/12/10 16:24
雄研智慧一周谈：5G行业专网通信研究报告,战略市场与解决方案：人数19人理念：客户是中心，内功是根基，奋斗是常态，实干创佳绩简介：我们是中移（雄安）产业研究院智慧城市业务研发一部的方案组，来自孕育梦想与希冀的雄安，根植于中国移动5G建设大发展的前夕，致力于成为新型智慧城市解决方案与顶层设计咨询的主力军。团队成员学历高、素质高，集术业专攻与朝,http://www.c114.com.cn/market/220/a1111183.html,2019/12/10 17:38
Redmi K30 5G版售1999元起 小米系率先将5G手机带入2000元时代,小米旗下双品牌之一的Redmi今天正式发布了Redmi品牌旗下首款5G手机Redmi K30 5G版，Redmi K30 5G版售价1999元起，成为业界首款2000元以下的5G手机。,http://www.c114.com.cn/news/51/a1111184.html,2019/12/10 17:50
"Qingdao Port, China Mobile, and Huawei Jointly Promote 5G Smart Port Practices","Qingdao Port, China Mobile, and Huawei jointly deployed the MEC solution in the New Qianwan Terminal of Qingdao Port. The 5G network was connected to ",http://en.c114.com.cn/577/a1111181.html,
5G时代竞争升维：OPPO要褪去手机公司标签,作为软硬件业务背后的支撑，陈明永也宣布，OPPO未来三年将投入500亿元的研发预算，主要关注5G/6G、人工智能、AR、大数据等前沿技术，以构建OPPO的技术护城河。今年年初，陈明永曾宣布2019年OPPO的研发投入增加至100亿元，围绕5G、AI、影像、云、新材料五大技术主航道进行研发创新。,http://www.c114.com.cn/news/51/a1111204.html,2019/12/11 08:07
LG U+与iBwave公司合作提高室内5G网络质量,韩国ZDNet Korea 12月10日报道，LG U+将使用加拿大网络设计公司iBwave的专业设计工具来提高室内5G质量。iBwave将结合建筑物结构、材料和居住空间，通过模拟室内环境中的无线电波来预测用户室内5G覆盖范围。2018年10月，LG U+与iBwave合作在首尔广津区进行了5G室内,http://www.c114.com.cn/news/17/a1111211.html,2019/12/11 08:32
助力5G规模部署 华工正源行业首发25GBASE DSFP光模块,国内领先的5G光模块厂商华工正源正式宣布批量发售25GBASE DSFP产品，业内首发。该产品符合DSFP MSA标准，支持双路电通道，双路LC接口光通道，信号速率兼容9.83Gbps、24.33Gbps、25.78Gbps，兼容SFP+封装规范。华工正源25GBASE DSFP，采用了高度集成的小,http://www.c114.com.cn/ftth/5472/a1111209.html,2019/12/11 08:29
王新哲：推动5G与工业互联网融合发展 构筑数字时代国际竞争新优势,2019年12月10日，中国移动“5G+工业互联网”高峰论坛在北京召开，工业和信息化部总经济师王新哲出席并致辞。王新哲强调，5G是新一代信息技术演进升级的重要方向，工业互联网是第四次工业革命的关键支撑。,http://www.c114.com.cn/news/550/a1111210.html,2019/12/11 08:31
SK电讯开展基于5G的船舶自动驾驶试航,ZDNet Korea网站12月10日报道，SK电讯与三星重工合作，成功进行了基于5G网络的船舶航行远程控制实验。本次试航使用三星重工自主开发的长3.3米的自动航行测试船，搭载了基于5G网络的雷达和SK电讯提供的视频控制解决方案T-Live Caster和基于云的IoT解决方案等。试航使用三星重工巨,http://www.c114.com.cn/news/17/a1111212.html,2019/12/11 08:33
OPPO Reno3 Pro 5G手机入网工信部,据工信部网站查询信息显示，OPPO Reno3 Pro 5G手机入网工信部，型号为PCRM00。信息显示，OPPO Reno3 Pro 5G手机尺寸为159.472.47.7mm，重量为172g，具有白色、蓝色、红色和黑色四种配色；采用6.5英寸AMOLED打孔屏，分辨率为24001080。硬件方面,http://www.c114.com.cn/news/51/a1111228.html,2019/12/11 10:17
vivo X30系列日产能10万部 明年上半年或推5G千元机,在近日的vivo 5G开放日上，vivo副总裁、中国市场总裁刘宏表示，vivo即将发布的双模5G手机X30系列已经完成了产能爬坡，日产量已经接近十万台。据知情人士透露，vivo在明年上半年还将推出两千元和千元价位段的5G手机。这意味vivo将覆盖5G手机从1000元到6000元以上的价位段。X30系,http://www.c114.com.cn/news/51/a1111206.html,2019/12/11 08:15
西班牙电信选择华为作为5G核心网供应商之一,据Mobile Europe报道，西班牙电信（Telefónica）将在其西班牙5G核心网中使用华为设备，并将于明年确认第二家供应商。,http://www.c114.com.cn/news/116/a1111229.html,2019/12/11 10:42
第四届5G终端及基站功能材料展览会全面预告！,第四届5G终端及基站功能材料展览会同期展会：第四届国际新材料新工艺及色彩（简称CMF）展览会2020年7月23-7月25日中国深圳国际会展中心01展会简介5G时代来临，高频率短波长的信号传输要求，催生基站及5G终端设备对一系列材料提出全新的要求，高频高速、散热、电磁屏蔽、滤波、低介电常数、低介电损耗,http://www.c114.com.cn/expo/13/a1111250.html,2019/12/11 14:05
隐私焦虑下5G网络安全的危与机,您的人脸信息还安全吗？100款APP涉侵犯个人信息被查处黑产爱盯婚恋粉近日关于个人信息泄漏的话题持续升温，在5G商用和携号转网的热潮下，5G时代的网络安全走进公众的视野，并持续延烧。人工智能发展迅速，相关场景的应用日益普及，只要输入人像和身份信息进行实名制注册，就能刷脸获得诸多便利，但却要在刷脸的同,http://www.c114.com.cn/security/4355/a1111262.html,2019/12/11 15:06
我国5G手机11月出货量507.4万部 占比已达14.6%,2019年11月，国内手机市场总体出货量3484.2万部，同比下降1.5%，其中2G手机146.9万部、4G手机2829.9万部、5G手机507.4万部，5G手机出货量环比增长103.4%。,http://www.c114.com.cn/news/51/a1111251.html,2019/12/11 14:07
面对小米系1999元起的Redmi K30 5G手机，友商如何接招？,当小米集团副总裁、中国区总裁、Redmi品牌总经理卢伟冰昨天下午宣布Redmi K30 5G手机的价格时，全场惊呼“太狠了！”,http://www.c114.com.cn/news/51/a1111233.html,2019/12/11 10:42
广东联通打通全国第一个联通5G SA商用网First Call,12月9日，广东联通5G SA商用建设取得阶段性进展，完成了基于大区架构组网的5G云化核心网商用部署，在广州、深圳同步打通全国第一个联通 5G SA商用网数据First Call，上行速率300Mbps，是NSA上行速率的2.4倍。本次5G SA商用网数据First Call是通过gNB基站直接与5,http://www.c114.com.cn/news/84/a1111180.html,2019/12/10 17:08
5G赋能“未来式” 中兴手机将携手张信哲带来全球首场5G个人演唱会,12月14-15日，张信哲未来式全球首场5G个人演唱会即将在上海梅赛德斯-奔驰文化中心开唱。此次演唱会上，张信哲不仅将带来他精心准备的哲式情歌，更将首次尝试科技与音乐的美丽邂逅。在中兴通讯和中国电信上海公司的科技助力下，为消费者带来全新的5G演唱会体验。从1989年的首张专辑《说谎》，到红遍祖国大江,http://www.c114.com.cn/news/127/a1111129.html,2019/12/10 11:54
邀请函|移远通信5G&IoT开发者研讨会（上海站）,自进入商用元年以来，5G的发展被按下了快进键。随着5G的正式商用，业界对5G的目光将聚焦于各行各业的应用落地。作为通信模组行业的领跑者，移远通信5G模组已被全球逾100家OEM厂商选择，开发不同种类的终端产品。值得一提的是，移远相关客户已在中国、北美、澳洲等地区顺利实现多款5G终端的实网数据通信。移,http://www.c114.com.cn/expo/15/a1111111.html,2019/12/10 10:18
保定移动与长城新媒体保定公司签署“5G+融媒体”战略合作框架协议,近日，保定移动与长城新媒体保定公司相关负责人举行座谈，共同探讨融媒体发展趋势，展望5G美好蓝图，并签署了5G+融媒体战略合作框架协议。根据协议内容，双方将借势5G建设发展机遇，充分发挥双方优势，在拓展媒体融合路径、做大媒介产业价值链上集智集策、携手共进，助力保定媒体融合发展向纵深推进，力争为保定市媒,http://www.c114.com.cn/news/88/a1111116.html,2019/12/10 11:00
高通总裁：中国5G规模将领先世界,美国高通公司总裁克里斯蒂亚诺·阿蒙日前在美国夏威夷举行的高通骁龙技术峰会期间接受新华社记者采访时说：“中国的5G规模将领先世界。”　　阿蒙赞赏高通与中国伙伴的合作成果，希望在5G时代继续与中国伙伴紧密合作，不仅支持他们在国内市场的发展，同时助力中国智能手机走出国门。,http://www.c114.com.cn/news/1761/a1111200.html,2019/12/10 11:44
Nansha Port in Guangzhou Starts Building 5G Smart Ports for Use in 2021,"The plan for Guangzhou Port's ""Internet + Smart Port Logistics Service Demonstration Project"" was completed and accepted without a hitch.",http://en.c114.com.cn/577/a1111103.html,
明年上半年千元5G普及？vivo国民5G手机品牌版图愈见清晰,11月中旬，小米创始人兼CEO雷军称：小米2020年至少会发布10款5G手机，而且，2000元以上价位的都是5G手机。12月初，realme创始人兼CEO李炳忠公开表示：从2020年开始realme在中国市场将全面切入5G，不再推出4G手机产品。近一个月来，围绕明年的5G手机的战略消息不断，而最新也,http://www.c114.com.cn/news/51/a1111120.html,2019/12/10 11:15
重庆电信科技节聚焦5G与区块链,近日，以Hello5G，赋能未来为主题，2019中国电信重庆公司科技节在公司本部开幕。本届科技节聚焦5G智慧网络、5G应用创新、移动边缘计算、自动驾驶、区块链等，是信息通信行业技术成果的一次集中展现。据了解，本次科技节包含会、展、赛三大主题活动，除邀请来自华为、中兴、中国信科、重庆大学等单位的信息通,http://www.c114.com.cn/news/81/a1111114.html,2019/12/10 10:52
China Mobile and Huawei Implement Full 5G Coverage in Shanghai's Yangshan Port,China Mobile and Huawei have successfully completed full coverage of 5G in the port logistics area of the 32.5 kilometer long Donghai Bridge and Yangshan Deep-Water Port.,http://en.c114.com.cn/577/a1111101.html,
信通院白皮书：数字经济时代，“5G+云+AI”成政企智能升级“新引擎”,当前，从数字政务到智慧城市，从工业自动控制到农业智慧管理，5G的可靠网络、云计算的海量算力与AI的应用智能正在相互协同，不断深入到各行各业之中，创造出大量新的业务体验、新的行业应用以及新的产业布局，为中国企业转型和产业升级注入新的科技动力。12月9日，中国信息通信研究院发布了《5G+云+AI：数字经,http://www.c114.com.cn/news/16/a1111112.html,2019/12/10 10:51
5G赋能“未来式” 张信哲带来全球首场5G个人演唱会,12月14-15日，张信哲未来式全球首场5G个人演唱会即将在上海梅赛德斯-奔驰文化中心开唱。此次演唱会上，张信哲不仅将带来他精心准备的哲式情歌，更将首次尝试科技与音乐的美丽邂逅。在中兴通讯与中国电信上海公司（以下简称上海电信）共同助力下，为消费者带来全新的5G演唱会体验。从1989年的首张专辑《说谎,http://www.c114.com.cn/news/103/a1111139.html,2019/12/10 14:11
华为考虑欧洲建厂生产5G 任正非称这是战略性需要、可增强信任,对于华为是否会在欧洲建一些大工厂？华为创始人、总裁任正非近日在深圳接受加拿大《环球邮报》采访时表示：肯定的。,http://www.c114.com.cn/news/126/a1111159.html,2019/12/10 15:48
全球传播生态蓝皮书：5G重构传播生态 移动超高清传播时代即将来临,12月4日，央视国际视频通讯社智库与北京外国语大学国际新闻与传播学院联合主编的《全球传播生态蓝皮书：全球传播生态发展报告（2019）发布》。蓝皮书指出，5G将构建传媒移动化、数据化、智能化的新生态，全面助推4K/8K超高清视频业务发展，移动新媒体超高清传播的黄金时代即将到来。蓝皮书在大传播框架下从生,http://www.c114.com.cn/wireless/2935/a1111144.html,2019/12/10 14:53
"Tianjin Port Builds a Next-Generation Smart and Green Port with 5G, AI, and Big Data","Tianjin Port is one of the world's top ten ports. It is the highest level man-made deep water port in the world, and the largest comprehensive port in northern China. ",http://en.c114.com.cn/2503/a1111105.html,
联通在线5G创新大会在南京召开 全面赋能5G数字内容应用创新,12月10日，联通在线信息科技有限公司（以下简称联通在线）5G创新大会在南京召开。会上，联通在线宣布携手华为成立5G数字内容应用联合创新实验室，共同推动5G内容生态的升级和发展，同时正式揭牌启动南京研发中心，着力提升5G创新应用供给能力，全面赋能产业链各方合作伙伴。中国联通副总经理范云军、中国联通技,http://www.c114.com.cn/news/119/a1111151.html,2019/12/10 15:27
台湾计划开放4.9GHz频段用于测试5G服务,据《台北时报》报道，台湾地区计划向公共和私营组织发放4.8GHz至4.9GHz频段的100MHz频谱，以测试下一代移动技术5G的潜在应用。,http://www.c114.com.cn/news/106/a1111165.html,2019/12/10 16:05
OPPO陈明永：三年投入500亿研发，以“本分”推动5G万物互融,今日，以“融合·无界”为主题的OPPO未来科技大会2019（OPPO INNO DAY 2019）在深圳正式举行。OPPO创始人、CEO陈明永表示，未来三年，OPPO在技术方面的总研发投入将达到500亿。“OPPO将投入最最核心的硬件底层技术，和软件工程架构的能力。”,http://www.c114.com.cn/news/51/a1111131.html,2019/12/10 13:35
5G业务应更加“克制精准”，OPPO以“三圈场景模型”布局未来终端形态,今日，以“融合·无界”为主题的OPPO未来科技大会2019（OPPO INNO DAY 2019）在深圳正式举行。OPPO副总裁、研究院院长刘畅在会上表示，“5G时代的业务应用要更加”克制精准“。OPPO将以覆盖个人场景、垂直场景和融合场景的”三圈场景模型“布局未来终端形态，打破数字与万物的界限，实现万物孪生。,http://www.c114.com.cn/news/51/a1111134.html,2019/12/10 13:36
Xiamen Yuanhai: New Achievements in 5G Smart Port Construction,Xiamen Yuanhai Container Terminal Co. Ltd. and China Mobile in Xiamen jointly verified the 5G-based automated guided vehicle (AGV) communication control and intelligent cargo tallying operations.,http://en.c114.com.cn/2503/a1111109.html,
移远通信引领5G商用，赋能下一代智能连接,12月4日，由中国移动通信研究院主办的2019下一代物联网技术及应用创新沙龙在北京举行，来自学界、业界的多位技术大咖围绕下一代物联网技术，发表了各自的见解。移远通信产品经理吴冰应邀在本次活动发表演讲，分享了移远在5G领域的最新进展及领先优势。移远通信产品经理吴冰在演讲时介绍了物联网行业的发展历史和未,http://www.c114.com.cn/m2m/2488/a1111170.html,2019/12/10 16:14
泰州地区首个5G商用基站及室分开通,2019年是5G商用元年。而在江苏泰州，5G的种子早已破土而出：从第一个高校5G试点到万达广场、千岛菜花景区、溱湖风景区等热点区域完成5G建设，再到泰州市政府大楼5G网络深度覆盖，泰州移动5G+的脚步走得从容而坚定。万物互联、智慧交通在泰州的土地上，5G这棵幼苗呈现出勃勃生机。11月6日，泰州移动在,http://www.c114.com.cn/news/94/a1111172.html,2019/12/10 16:21
以边缘为“主战场”，风河Wind River Cloud Platform助力5G高效部署,领先的智能边缘软件提供商风河公司®近日发布了Wind River Cloud Platform，该平台针对网络边缘进行优化，旨在帮助服务提供商应对复杂挑战，部署和管理物理上分布于不同地点的云原生 vRAN网络基础设施。,http://www.c114.com.cn/news/213/a1110997.html,2019/12/9 12:36
对中国5G商用的一些建议,北京邮电大学经济管理学院教授 曾剑秋自10月底5G正式商用以来，迄今已经一个多月。与产业链的兴奋不同，三大运营商如何推动5G商用落地是个难题。在此谈下我对5G商用尤其是中国联通5G商用的一些思考和建议。终端先行，应用为王5G是量变到质变的过程。如果将信息通信技术比作一个公路，可以将2G看作乡间小路，,http://www.c114.com.cn/wireless/2935/a1110996.html,2019/12/9 11:38
中国联通发布全球首个全5G工业互联网端到端应用,日前，中国联通携手产业链合作伙伴，在新昌成功发布全球首个全5G工业互联网端到端应用，助推智能制造迈入快车道，也标志着5G成熟规模应用又一次跨上新台阶。更多报道请点击查看：智能制造迈入快车道：中国联通发布全球首个全5G工业互联网端到端应用,http://www.c114.com.cn/video/760/a1110984.html,2019/12/9 10:38
5G时代，华为云让你用手机畅玩3A大作,在过去的几十年里，从FC游戏机到PlayStation，从电脑到手机终端，游戏市场的发展始终与硬件设备的进步息息相关。虽然互联网的兴起带动了网游的火爆，移动互联网的普及让手游玩家大增，但游戏体验终究还是离不开硬件设备的性能。而已经到来的5G时代，将为游戏产业带来的巨大变化之一就是:让游戏脱离硬件设备,http://www.c114.com.cn/news/126/a1110990.html,2019/12/9 11:12
推进智慧杆标准化  中兴网信为深圳5G建设助力,深圳作为国内第一个5G独立组网的城市，已将5G作为新型基础设施重点工程进行开展。智慧杆作为构建智慧城市、承载5G信号设备的重要介质，作用巨大。中兴网信作为智慧城市领域第一阵营企业，在智慧杆领域具有丰富的项目建设经验，积极参与深圳市智慧杆标准化建设工作，为深圳5G建设助力。深圳市工业和信息化局等单位在,http://www.c114.com.cn/m2m/2488/a1110999.html,2019/12/9 13:19
2019收官重磅！联通在线“5G创新发布会”召开在即 三大亮点抢先看,2019年12月10日，联通在线5G创新发布会即将在南京举行。作为联通在线成立两周年暨2019年末收官的重磅动作，本次大会将带来一场精彩纷呈的5G数字内容生态盛宴。据刚刚出炉的会议日程，联通在线将邀请行业领军企业、领军人物和产业链上下游合作伙伴，在古城金陵共同布局5G创新应用，共商合作发展新机遇，可,http://www.c114.com.cn/expo/15/a1110995.html,2019/12/9 11:31
OPPO Reno3将采用联发科5G芯片，水滴屏设计,今天上午OPPO手机官方在微博正式宣布OPPO Reno3全系内置5G集成芯片，支持SA/NSA双模5G网络；此外视频中OPPO Reno3系列官方渲染图也正式亮相。目前OPPO Reno3和OPPO Reno3 Pro手机的预约界面也已经正式上线，透露了这两款手机的更多细节。5G芯片方面，OPPO,http://www.c114.com.cn/news/51/a1111000.html,2019/12/9 13:22
玩的就是心跳！详解台湾5G频谱拍卖制度,明天，中国台湾地区将正式启动5G频谱拍卖。所谓“兵马未动，粮草先行”，台湾五大运营商中华电信、远传电信、大哥大、台湾之星、亚太电信已经厉兵秣马，准备粮草，进入了最高等级备战状态。,http://www.c114.com.cn/news/106/a1111016.html,2019/12/9 14:59
基于AI的基站及回传网故障定因,随着5G网络建设的推进，网络规模、网络复杂性不断提升，给故障快速定因带来了新挑战。结合3G/4G/5G共维以及跨域运维的实际需求，针对基站及回传网的主要 故障场景进行了详尽的分析，提出了基于AI的基站及回传网故障定因解决方案，通过资源管理、事件推理、根因定位3种能力对网络故障进行分析，实现快速定界定位。该方案极大地降低了故障修复时间，为智慧运维赋能。,http://www.c114.com.cn/topic/5650/a1111027.html,2019/12/9 15:35
面向5G规模演进的C-RAN架构部署方案,对无线网运营及面临问题进行分析，提出采用“面、点、线”策略提前开展C-RAN组网部署规划。对C-RAN范围进行综合评估发现，单个C-RAN区为8~10个宏站点位，不同场景下覆盖面积为0.5～5km2；按演进及专业融合需求对机房需求空间进行分析，建议C-RAN机房配置20m2以上并给出选址建议；对前传接入技术进行对比评估，建议现阶段C-RAN组网中利用彩光前传，并给出相关组网路由建议；结合某地区试点应用成果，总结当前C-RAN组网面临的主要问题，为C-RAN组网推广部署提供实际的规划应用参考。,http://www.c114.com.cn/topic/5650/a1111033.html,2019/12/9 15:46
面向5G规模部署的无线网资源储备策略,5G将从NSA组网最终向SA组网过渡，建议提前基于SA组网需求建立包括宏站、微站、室分、机房在内的基础站址资源库。对存量站给出具体站址筛选流程，对新建站提供详细基站资源获取方式及储备策略；在此基础上，以某5G试验网建设案例为依托，研究总结了5G建设中涉及的配套改造方案。通过开展5G站址资源储备及配套方案应用总结，为后续5G快速部署奠定基础。,http://www.c114.com.cn/topic/5650/a1111036.html,2019/12/9 15:53
5G双连接技术应用分析,5G与LTE双连接，两者优势互补，在不同制式、不同频段、不同站点和不同业务 诉求之间实现有效的区域级协同和灵活高效的分配资源，是实现5G NR早期快 速部署和网络平滑演进的有效途径。分析了5G与LTE双连接应用的必要性， 研究了5G的双连接架构特点，探讨了5G的双连接架构选择思路，为未来5G网 络双连接技术的应用提供了参考。 ,http://www.c114.com.cn/topic/5650/a1111039.html,2019/12/9 15:59
把握5G机遇 释放性能与安全特性：Akamai助力国内企业出海远航,作为全球最大的云交付平台，Akamai是如何看待蓬勃发展的5G生态，又是如何看待5G时代媒体行业的产品与技术变迁，又将如何帮助从业者畅赢5G时代的呢？带着这些问题，C114编辑对Akamai媒体产品副总裁Corey Halverson进行了采访。,http://www.c114.com.cn/security/4355/a1111041.html,2019/12/9 16:03
5G初期全球市场观察与借鉴,在商业经济、科技竞争、大国博弈等多因素的推动下，全球各国从国家战略、产业生态联盟、电信运营商等全方位开启了5G竞跑之路。美韩作为5G第一梯队国家，在5G商用组网方式、市场运营、5G典型应用方面，都做出了标杆性的探索。5G技术赋予了运营商与垂直行业深度合作的机遇，预判未来运营商需更多承担生态建设驱动者的角色。另外，5G迎来了中国领跑时代，我国运营商从经验借鉴模式进入创新先行模式，必须在技术研究、网络建设、市场经营、5G特色应用等方向不断探索未来之路。,http://www.c114.com.cn/topic/5650/a1111050.html,2019/12/9 16:12
边缘云与5G网络融合部署方案与演进规划,边缘云是一种全新的网络架构和开放平台，该平台在网络边缘侧整合了网络、计算、存储和应用的核心能力，位置上靠近人和数据。边缘云改变了传统集中云的工作方式，可以面向用户提供更加灵活的服务。提出了5G核心网和中国联通边缘云平台的整体架构，这一架构首次将5G服务化架构同边缘云架构完美融合。未来边缘云架构可以由中国联通或第三方灵活定制，同时不影响5G整体的信令交互。该架构同时结合了中国联通现有业务情况，能够快速进行业务推广和部署。,http://www.c114.com.cn/topic/5650/a1111044.html,2019/12/9 16:05
2019上海智慧城市定向赛开跑 “打卡”上海移动5G特色地图,12月7日，2019上海智慧城市定向赛在徐汇正大乐城正式开跑。上海移动作为本次定向赛的协办单位之一，带领广大市民一同打卡上海5G特色地图，沿城市智慧脉搏，体验新技术赋能下的智慧城市生活。此次上海移动推选了5G全球创新港、首家5G电竞厅、上海移动民生路营业厅3个5G打卡地点。坐落于上海北外滩核心区域的,http://www.c114.com.cn/news/103/a1111098.html,2019/12/10 09:41
荷兰计划明年6月底举行首次5G拍卖 预计从中获利9亿欧元,荷兰政府详述了其首次5G拍卖的财务目标，并警告称那些被认为会构成安全风险的供应商将被禁止参与未来的网络建设。,http://www.c114.com.cn/news/116/a1111051.html,2019/12/9 16:20
唐雄燕：从“5G+区块链”迈向“5G×区块链”,唐雄燕在接受C114采访时指出，中国联通推出的BaaS（区块链即服务）还处于试点阶段，相比于区块链领先服务商的步伐似乎慢半拍。,http://www.c114.com.cn/news/119/a1111066.html,2019/12/10 07:38
频谱资源多就是任性：T-Mobile美国将不依赖动态频谱共享推动5G,T-Mobile美国无线网络工程和开发部门高级副总裁马克·迈克迪米德（Mark McDiarmid）透露，该运营商不打算像竞争对手那样依赖动态频谱共享（DSS），宣称这没有必要。,http://www.c114.com.cn/news/116/a1111045.html,2019/12/9 16:06
山西电信5G助力智慧医院建设,11月26日，在山西省眼科手术实验室内，白内障科主任刘杰为开始了一场白内障手术，一台高端人工晶状体植入手术示教大片，被实时传送到1300公里外的成都中医药大学附属银海眼科医院、300公里外的运城眼科医院和200公里外的长治市人民医院。与此同时，中国电信山西公司与山西省眼科医院、浙江视联智慧医疗科技有,http://www.c114.com.cn/news/101/a1110863.html,2019/12/6 10:13
宿州移动年前开通5G基站120个,为实现5G规模商用，安徽移动宿州分公司以5G精品网为目标，以精品示范区为切入点，围绕五大场景推进5G部署，确保春节前完成全市120个5G站点的建设。以终为始，一步规划、分步实施，宿州移动深入分析资源现状，对存量站点进行详尽的可用性评估，明确可共享的存量站列表。立足于内部挖潜整合，在不新增铁塔站址的情,http://www.c114.com.cn/news/78/a1110864.html,2019/12/6 10:13
华为nova6系列正式发布：主打5G+自拍 3199元起,“截至目前，全球已有1.25亿nova星人，全新华为nova6系列秉承了nova品牌‘新潮派’的价值主张，聚焦年轻人群需求，在领先5G技术加持下，给年轻人带来更多自拍与分享的可能，让年轻潮流生活大不一样。nova系列已经成为年轻人的领潮旗舰。”华为消费者业务手机产品线总裁何刚情绪高昂地说道。,http://www.c114.com.cn/news/51/a1110846.html,2019/12/6 08:44
5G已来，中国移动将如何赋能千行百业？,5G以超乎所有人想象的速度来了！5G的到来在赋予电信运营商政企业务新的机会与增长空间的同时，也带来了新的使命与责任。,http://www.c114.com.cn/news/118/a1110879.html,2019/12/6 11:13
大唐移动车路协同系统助力5G智能网联公交车亮相杭州萧山,12月5日，5G智能网联公交车在杭州萧山亮相。该公交车基于5G通信和网联自动驾驶技术，实现车路协同、超前感知；智慧路口、安全出行；绿波引导、一路畅行；智能巡航、绿色环保；车车互通，无忧驾驶；智慧站台、e站服务等功能。这是全国首个在社会开放路段实施并面向商业应用的车路协同项目。当天，浙江省人民政府副省,http://www.c114.com.cn/news/654/a1110889.html,2019/12/6 14:05
腾讯王卡5G套餐出炉，升级套餐不换号,在10月31日举办的 2019 年中国国际信息通信展上，三大运营商宣布正式启动 5G 商用，在互联网套餐中知名度较高的腾讯王卡，也于当日公布了相应的5G版本。因5G时代的到来，人们对流量的需求越来越高。据悉，腾讯王卡上线至今，累计申卡已达1.5亿人次。告别wifi限制，随时随地想用就用腾讯王卡带来了,http://www.c114.com.cn/news/119/a1110877.html,2019/12/6 11:00
京信孙善球：5G无线网部署应基于场景，按需配置,孙善球表示，全球运营商正面临着营收增长放缓与5G建网成本上升的双重挑战，一方面运营商总体营收增速持续下滑，多数运营商的移动业务收入出现负增长，而5G垂直行业处于探索期，盈利模式还有待挖掘,http://www.c114.com.cn/wireless/2935/a1110893.html,2019/12/6 14:22
5G+700MHz，助力广电预警体系升级,今天（12月5日）上午，河北唐山发生了4.5级地震，一段网友拍摄的家中电视机弹出地震预警的视频迅速成为了热门话题。众所周知，广电网络电视由于具备信号稳定、延迟低、广覆盖等特点，其实在地震预警等方面有着远大的表现空间。当然，由于高强度地震灾害并不具备频繁性，因此暂未能成为广泛的部署标的。但是诸如四川省,http://www.c114.com.cn/swrh/1991/a1111147.html,2019/12/6 15:00
5G时代下如何进行“短信经营”？,10月23日，工信部发布2019年前三季度通信业经济运行情况，出乎意料的是，在移动业务收入、流量、通话量累计同比增长都不断下降的情况下，移动短信成为唯一的亮点，其业务量和收入均保持增长。在服务登录和身份认证等服务普及带动下，短信业务的业务量和收入保持同步增长。前三季度，全国移动短信业务量同比增长40,http://www.c114.com.cn/market/220/a1110902.html,2019/12/6 15:13
中国电信辽宁分公司携手华为完成5G SA组网下语音功能验证,10月31日，在2019中国国际信息通信展览会上，工信部与三大运营商联合宣布了中国5G正式商用，拉开了中国5G规模商用的序幕。在5G SA目标网络技术创新方面，中国电信辽宁分公司积极开展5G SA组网相关技术验证，携手华为打造全云化5GC+vEPC+vIMS网络，充分验证了5G SA目标组网下的ES,http://www.c114.com.cn/news/126/a1110906.html,2019/12/6 16:02
葡萄牙拒绝美国禁止华为参与5G建设的呼吁,葡萄牙外交部长奥古斯托·桑托斯·席尔瓦（Augusto Santos Silva）周四向美国国务卿迈克·蓬佩奥（Mike Pompeo）表示，葡萄牙不会将中国公司排除在该国5G网络的技术供应范围之外。,http://www.c114.com.cn/news/116/a1110921.html,2019/12/6 17:16
Canalys：受5G等因素推动 智能手机2020年将迎来黄金时代,Canalys预测2020年智能手机市场将出现反弹，开启一个为期三年的增长时代，因为5G、可折叠屏和更快的芯片组推动了消费者需求。,http://www.c114.com.cn/news/116/a1110910.html,2019/12/6 16:26
智能制造迈入“快车道”：中国联通发布全球首个全5G工业互联网端到端应用,日前，中国联通携手产业链合作伙伴，在新昌成功发布全球首个全5G工业互联网端到端应用，助推智能制造迈入“快车道”，也标志着5G成熟规模应用又一次跨上新台阶。,http://www.c114.com.cn/news/119/a1110925.html,2019/12/6 17:51
China Unicom Leases 5G Base Stations from One Provider,China Unicom announced to lease 3.5GHz 5G base stations for its large-scale 5G network and demonstration projects. ,http://en.c114.com.cn/576/a1110935.html,
芬兰Elisa在赫尔辛基开通欧洲最大的5G网络之一，华为提供5G设备,北京时间12月3日消息，芬兰电信运营商Elisa表示已在首都赫尔辛基实现了5G大规模部署。继昨日宣布将在艾斯堡区扩大5G覆盖范围之后，今日Elisa召开媒体发布会，宣布已在塞伊奈约基市开通5G网络服务，并汇报了新一代网络技术的进展。除赫尔辛基外，Elisa也已在Vantaalla和Espoossa完,http://www.c114.com.cn/news/126/a1110932.html,2019/12/6 20:01
三星Galaxy S11e将支持5G与25W快充,此前有消息称，三星Galaxy S11系列产品将于2020年举办MWC上亮相。而近日，随着更多消息的泄露，目前人们不仅能够确认Galaxy S11e将支持5G与25W快充，还可以了解到Galaxy S11e的更多细节信息。从最近的3C认证文件来看，三星Galaxy S11e配备的型号为EP-TA80,http://www.c114.com.cn/news/51/a1110952.html,2019/12/8 16:39
走在前列 青岛移动携手华为打造5G示范城市,2600余个5G基站，覆盖市南、市北、崂山、李沧、城阳等多个重点城区多处重要场景：五四广场、奥帆中心、栈桥、第三海水浴场、八大关、青岛站、青岛北站。。。这是中国5G商用牌照发放仅仅半年后、三大运营商正式推出5G商用服务一个月后，青岛移动携手华为在青岛这个重要城市交出的第一份漂亮答卷。2019年6月6,http://www.c114.com.cn/news/126/a1110819.html,2019/12/8 19:57
三星神秘5G设备通过韩国认证,据Android Lovers报道，近日一款型号为“SA-N9000”的三星设备通过韩国认证，这款设备为5G产品。Android Lovers表示，发现一款型号为“SA-N9000”的三星设备已经通过韩国认证，这是一款5G移动设计，但是型号好像从没见过。,http://www.c114.com.cn/news/51/a1110954.html,2019/12/8 19:04
传三星正与联发科洽谈 A系列手机有望搭载后者5G芯片,据台湾地区《工商时报》报道，继获得OPPO、Vivo及小米等品牌手机订单之后，联发科进军5G市场可望再攻一城。市场传出，联发科正与三星接洽，并积极将5G芯片送样测试当中，有机会在2020年打入三星A系列智能手机供应链。此前，联发科正式推出5G旗舰手机芯片天玑1000，且已获得OPPO、Vivo及小米,http://www.c114.com.cn/news/51/a1110974.html,2019/12/9 09:48
广州铁塔完成过万5G站点建设,广东省广州市是首批5G商用城市，计划到2021年，建成5G基站6.5万座，实现主城区和重点区域5G网络连续覆盖。广州铁塔作为广州市5G建设的主力军，充分发挥统筹共享优势，全量承接5G基站建设需求，据统计，截至2019年11月底，广州铁塔已完成1.57万个5G站点建设，98%都是利用已有站址资源改造实,http://www.c114.com.cn/news/84/a1110973.html,2019/12/9 09:45
果洛高原机场开通5G，采用华为设备,根据华为中国的官方消息，近日，果洛移动联合华为和果洛玛沁机场，打造了中国海拔最高的5G智慧机场。据介绍，果洛玛沁机场海拔3787.6米，是世界第八高机场。5G在果洛高原机场的开通，标志着果洛正式进入5G+智慧机场新时代。华为表示，此次5G网络建设信号覆盖包括机场航站楼候机厅、运控中心、安检大厅等，将,http://www.c114.com.cn/news/126/a1110980.html,2019/12/9 10:21
中国联通公示5G基站租赁单一来源采购,12月4日，中国联通就5G规模组网建设及应用示范项目基站租赁单一来源采购进行了公示：采购内容为租赁3.5GHz 5G基站，拟定单一来源采购供应商为华为技术有限公司、中兴通讯股份有限公司、爱立信（中国）通信有限公司、诺基亚通信系统技术（北京）有限公司、大唐移动通信设备有限公司。,http://www.c114.com.cn/video/760/a1110767.html,2019/12/5 14:22
爱立信收获第75份5G商用合同 将为Azercell在阿塞拜疆部署网络,据外媒报道，瑞典电信设备供应商爱立信已与阿塞拜疆电信运营商Azercell Telecom签署了其第75份5G商业协议，双方将携手在阿塞拜疆部署5G网络服务。,http://www.c114.com.cn/news/116/a1110777.html,2019/12/5 14:47
数字未来 5G智联|联通首个5G杀手级应用诞生，5G+新媒体绽放精彩,在刚过去不久的中国联通5G新品发布会上，中国联通重磅推出了首个杀手级应用5G新直播，并给出了定义：新直播就是5G新技术赋能后的直播模式，具有超高清+多视角+互动等特色。会上，全球第一个5G直播孵化基地正式揭牌，并成立了5G直播合作赋能联盟。近年来，随着国民经济的发展和人民生活水平的提高，新媒体行业的,http://www.c114.com.cn/news/111/a1110770.html,2019/12/5 14:25
这场5G+VR直播的公开课太酷了！——无锡移动助力第一中学圆满完成公开课活动,近日，无锡市第一中学举办对外公开课暨校园开放日活动，35位教师通过精心的教学设计，从博观而约取，厚积而薄发出发，带来了精彩的课堂展示。本次活动，在移动5G+VR的加持下，打破了屏幕限制，为师生和网友们呈现了一场知识的视听盛宴，实现了优质课堂资源的共享。据学校介绍，本次对外公开课程涵盖了语文、数学、英,http://www.c114.com.cn/news/94/a1110764.html,2019/12/5 13:56
亚信科技助力浙江移动率先具备5G SA多量纲融合计费能力,近日，随着中国移动通信集团浙江有限公司(以下简称浙江移动)5G SA新计费能力探索取得突破性进展，浙江移动已率先具备5G SA计费能力。浙江作为中国移动集团5G发展先行先试省份，不仅5G网络建设起步早，而且其衔接网络和市场的5G IT支撑系统建设工作也领行业之先，总体建设以三不一换业务策略为指导，以,http://www.c114.com.cn/news/111/a1110763.html,2019/12/5 13:53
全平台销售额3秒破亿！3299元起荣耀V30果然是5G爆款,今天早上10:08，荣耀在Vmall、京东、天猫、苏宁、唯品会、国美、荣耀亲选等线上平台以及全国线下门店正式开启了荣耀V30的首销。3S！荣耀V30全平台销售额破亿！此一首销战绩，证明了荣耀赵明总裁此前讲的荣耀V30将成为5G爆款所言不虚。荣耀V30的火爆，证明了5G时代荣耀对于用户需求的深刻洞察，,http://www.c114.com.cn/news/51/a1110769.html,2019/12/5 14:24
China Telecom and China Unicom Launch 5G Co-build Co-share Evolution and Upgrading towards SA,"“China Telecom and China Unicom co-build and co-share 5G radio access network to realize NSA sharing at the initial stage, deploy NSA in a controlled way, and launch the evolution and upgrading towards SA in 2020 Q1 by targeting SA”",http://en.c114.com.cn/576/a1110829.html,
运营商5G商业使能之权益运营：解锁5G 2C市场成功之道,在5G商用伊始，仅仅围绕为消费者提供通信类业务不足以支撑运营商的持续增长。如何在业务能力趋同、用户消费要求升级的竞争环境中占领一席之地，权益运营是运营商拉新增保存量的好选择。在三大运营商最近推出的5G套餐中都不约而同地包含了一定的品牌权益、业务权益、会员权益、服务权益。可以预见，未来的5G消费者市场,http://www.c114.com.cn/wireless/2935/a1110789.html,2019/12/5 15:35
华为nova 6 5G正式亮相：麒麟990+双摄极点全面屏,华为nova 6 5G采用双膜双镀工艺与14层纳米级镀层，配备6.57英寸2400×1080分辨率双摄极点全面屏，通过德国莱茵低蓝光认证，新增电子书模式。华为nova 6 5G采用3D四曲面玻璃机身，搭配指纹键电源键二合一设计，搭载2.4mm超窄指纹模组。,http://www.c114.com.cn/news/51/a1110801.html,2019/12/5 16:13
星河亮点积极参与5G标准制定助推5G产业完善构建,2019年12月3-4日，中国通信标准化协会（CCSA）无线通信技术工作委员会（TC5）第五十次全会在北京市顺利召开。星河亮点作为TC5全权会员参加本次会议。CCSA TC5 50次全会留影得标准者得天下，标准化制定是移动通信技术和产业发展的引擎。星河亮点自成立以来积极参与包括3GPP（第三代合作伙,http://www.c114.com.cn/wireless/2935/a1110803.html,2019/12/5 16:39
高通总裁自曝：正与苹果合作开发5G版iPhone,这两天，高通召开了第四届骁龙技术峰会，正式发布了新一代骁龙移动平台，包括旗舰级的骁龙865主流级的骁龙765/骁龙765G。在会后的采访环节，高通总裁克里斯蒂亚诺阿蒙也不免被问到了与苹果的关系，以及5G iPhone的问题。阿蒙表示，高通正在尽自己最快的速度帮助苹果推出它们的产品，这也是高通目前的首,http://www.c114.com.cn/news/51/a1110915.html,2019/12/5 16:32
全球首个全5G工业互联网端到端应用发布,5G构建起了万物互联的核心基础能力，引领了第四次工业革命的浪潮，灵活支撑多样的行业应用场景，满足垂直行业差异化需求。在这个新时代，5G为产业带来一顿饕餮盛宴。2019年12月5日，中国联通在浙江新昌5G先行示范区对外正式发布全球首个全5G工业互联网端到端应用，这项应用的基础是中国联通携手华为鼎桥、厦,http://www.c114.com.cn/news/111/a1110813.html,2019/12/5 17:51
OPPO吴强：明年3000元以上都是5G手机,在今年的高通骁龙技术峰会上，OPPO、小米、摩托罗拉和hmd(诺基亚品牌)四家厂商获得了上台展示介绍的机会。高通大中华区董事长孟樸表示，这四家厂商上台并不是高通随意选择的，而是诸多国家主流运营商的选择。OPPO派出了全球销售总裁吴强上台发言。吴强宣布，OPPO会在明年第一季度发布基于骁龙865平台的,http://www.c114.com.cn/news/51/a1110781.html,2019/12/5 14:52
5G全球大会：助力5G落地变现,世界知名品牌IoT World和5G China将于2019年12月19-20日莅临深圳！与深圳国际物联网与智慧未来展、深圳国际未来汽车及技术展、ELEXCON2019深圳国际电子展暨第八届深圳国际嵌入式系统展同期举办，汇同来自全球的物联网专家和代表企业，共同打造物联网盛会，共享物联网、5G、AI ,http://www.c114.com.cn/expo/15/a1110804.html,2019/12/5 16:46
高通宣布推出全球首个5G XR平台,"Qualcomm骁龙XR2平台是全球首个支持5G的扩展现实（XR）平台，结合了Qualcomm Technologies, Inc.在5G和AI领域的创新与业界领先的XR技术，将开启一个全新的移动计算时代。该顶级平台支持诸多定制特性和多项业界首创，可跨增强现实（AR）、虚拟现实（VR）和混合现实（ ",http://www.c114.com.cn/news/1761/a1110833.html,2019/12/6 07:43
高通总裁安蒙：整合全球优势资源 助力中国伙伴把握5G机遇,随着中国5G商用牌照的发放，5G商用在全球已经成为现实。中国运营商首次和全球同步实现了商用，这将深深影响全球移动通信产业发展。,http://www.c114.com.cn/news/1761/a1110827.html,2019/12/5 22:32
Sprint：中国手机厂商将以5G为跳板增强在美国的影响力,Sprint产品设计与开发副总裁瑞安·沙利文（Ryan Sullivan）预测，中国手机制造商将利用5G作为跳板，以提高其在美国的知名度。,http://www.c114.com.cn/news/116/a1110840.html,2019/12/6 08:33
高通发布骁龙XR 2平台：5G赋能彻底摆脱线缆空间束缚,美国夏威夷召开的高通骁龙技术峰会进入第三天，扩展现实(XR)成为了今天的主题词。在AI和5G连接两大技术提升之外，XR 2平台还在视觉、交互和音频技术进行了定制优化，以满足真正沉浸式的XR体验需求。,http://www.c114.com.cn/news/1761/a1110843.html,2019/12/6 08:35
专访周鸿祎：5G时代网络攻击将加剧 车联网或最先遇难,编者按：没有人会怀疑5G即将带来的变革。物联网、无人驾驶、VR、工业它所催生出的新兴技术，正不断刷新着人们对未来美好生活的想象。我们愿将这种变革视为托马斯库恩的范式转变：它尚存诸多不成熟，甚至不及上代技术的稳定性，但从长远来看，它足以促使科学的变革，让通讯翻开新篇章即改变世界。人们不禁怀揣疑问：5G,http://www.c114.com.cn/wireless/2935/a1110845.html,2019/12/6 08:40
5G网络切片面临诸多挑战 运营商需全局协同管理,5G网络切片被业界公认为是运营商进入垂直行业市场、使能行业数字化转型的巨大机会和重要抓手，因此被业界寄予厚望。,http://www.c114.com.cn/wireless/2935/a1110835.html,2019/12/6 07:49
专访高通孟樸：双模全频支持5G全球部署 助力中国伙伴实现全球收获,孟樸指出，随着中国5G商用牌照的发放，5G商用在全球已经成为现实。中国运营商首次和全球同步实现了商用，这将深深影响全球移动通信产业发展。 ,http://www.c114.com.cn/news/1761/a1110691.html,2019/12/5 08:05
高通推出全球最先进的5G移动平台,"Qualcomm Incorporated子公司Qualcomm Technologies, Inc.宣布推出Qualcomm骁龙865移动平台。通过结合全球最先进的移动平台与全球最先进的5G调制解调器及射频系统，该平台将为下一代旗舰终端提供无与伦比的连接与性能表现。凭借业界领先的Qualcomm骁",http://www.c114.com.cn/news/1761/a1110694.html,2019/12/5 08:12
中国联通5G基站租赁单一来源采购：五家设备商皆有中标,中国联通公告显示，将对5G规模组网建设及应用示范项目基站租赁进行单一来源采购，采购内容为租赁3.5GHz 5G基站。,http://www.c114.com.cn/news/119/a1110709.html,2019/12/5 08:55
中国移动曹景阳：5G天线更多融合、更深覆盖、更加智能,中国移动通信研究院专家曹景阳表示，5G商用牌照颁发后，中国移动宣布将于年底在超过50个城市实现5G商用服务；2020年将进一步扩大网络覆盖范围，在全国所有地级以上城市提供5G商用服务。,http://www.c114.com.cn/news/118/a1110695.html,2019/12/5 08:15
高通：明年所有高端Android手机都将支持5G,高通高管在接受采访时表示，该公司预计所有使用其芯片的高端Android手机明年都将支持5G。到2020年，我们新推出的所有高级芯片都将具有5G功能。高通产品开发高级副总裁基斯克雷辛（Keith Kressin）说，所以每台新款高端手机都将支持5G。高通发布了2020年的新款旗舰芯片骁龙 865，该公,http://www.c114.com.cn/news/1761/a1110717.html,2019/12/5 09:27
高通：与苹果的首要任务是尽快推出5G iPhone,高通公司总裁克里斯蒂亚诺-阿蒙（Cristiano Amon）在近日举行的高通骁龙年度技术峰会上表示，苹果和高通公司正努力，尽快推出一款新的5G iPhone手机。这也是重新建立合作关系的主要目标。此前，苹果曾与高通这两家行业巨头曾展开专利互讼大战，关系一度紧张；但今年4月，两家突然宣布握手言和，业,http://www.c114.com.cn/news/51/a1110720.html,2019/12/5 09:40
高通扩展其移动行业领先优势，为全球更多用户带来5G体验,"Qualcomm Technologies, Inc.宣布首次在Qualcomm骁龙7系移动平台支持5G，为更多消费者带来先进的5G体验。通过集成第二代 Qualcomm骁龙5G调制解调器及射频系统、第五代Qualcomm人工智能引擎AI Engine，全新骁龙765和骁龙765G旨在提供业界领先的",http://www.c114.com.cn/news/1761/a1110693.html,2019/12/5 08:08
AT&T公布公司发展情况及未来预期,据ATT官网12月3日报道，ATT CFO在富国银行全球TMT会议上公布了公司的发展情况及未来预期。（1）预计2020-2022年收入的年复合增长率为1%-2%，增长主要来自无线、华纳媒体及墨西哥业务；预计2022年息税折旧摊销前利润率（EBITDA margin）扩大200个基点，主要来自于无线、,http://www.c114.com.cn/news/17/a1110721.html,2019/12/5 09:42
FCC设立90亿美元5G基金 致力推动美国农村地区网络覆盖,美国联邦通信委员会（FCC）本周三宣布，将设立一项5G基金，为运营商在美国农村地区部署先进的5G网络服务提供高达90亿美元的通用服务基金支持。,http://www.c114.com.cn/news/116/a1110758.html,2019/12/5 13:15
特朗普称华为是北约5G部署的安全风险,据路透社报道，美国总统特朗普本周三表示，在北约表示需要下一代5G技术后，中国电信设备公司华为成为了安全隐患。,http://www.c114.com.cn/news/116/a1110739.html,2019/12/5 10:47
果洛移动携手华为打造中国海拔最高的5G智慧机场,近日，果洛移动携手华为和果洛玛沁机场，打造了在中国海拔最高的5G智慧机场。果洛玛沁机场地处青海省果洛藏族自治州玛沁县境内，海拔3787.6千米，是世界第八高机场。果洛州是三江源国家级自然保护核心区，雪豹、白唇鹿等珍稀野生动物众多，境内更是有着国内冰川面积最大的阿尼玛卿雪山国家地质公园以及藏族神山年宝,http://www.c114.com.cn/news/126/a1110731.html,2019/12/5 10:03
华为助力四川移动实现全球首张商用切片分组网承载5G+MEC智慧医疗专网落地,11月13日上午，在国家卫健委和四川省卫健委的指导下，全球首个基于切片分组网SPN承载的5G医疗专网，在四川大学华西第二医院正式商用。这是继各大运营商宣布5G正式商用后，中国移动四川公司携手华为技术有限公司和医疗龙头单位在5G医疗行业的融合创新、深度应用上，取得的一项重大突破，标志着5G智慧医疗真正,http://www.c114.com.cn/news/126/a1110728.html,2019/12/5 10:00
福建移动助力“5G智慧机场”建设,随着国家加速部署5G网络，福建移动与厦门高崎机场管理方牢牢把握战略发展契机，于近日在候机楼内建成福建省内首个机场5G体验区，并实现高崎机场5G信号全覆盖，为5G智慧机场建设奠定坚实基础。据了解，厦门高崎机场停机坪总面积77万平方米，2018年全港客运量达2655.3万人次，货邮吞吐量34.55万吨，,http://www.c114.com.cn/news/82/a1110733.html,2019/12/5 10:04
Verizon等主要运营商与AWS合作开发5G边缘计算服务,Verizon、沃达丰集团、SK电讯和KDDI成为首批与亚马逊旗下AWS合作在5G网络上开发边缘计算服务的运营商，此举旨在促进低时延应用程序。,http://www.c114.com.cn/news/116/a1110701.html,2019/12/5 08:30
